Brand,Phone,Price,Screensize (inches),Camera_Nos,Front Camera (MP),Rear Camera (MP),Memory (GB),RAM (GB),Battery (mAh),Rating
Xiaomi,Xiaomi Redmi Note 10,13999,6.43,4,13.0,48.0,64.0,4.0,5000.0,3
Vivo,Vivo Y12s,9990,6.51,2,8.0,13.0,32.0,3.0,5000.0,1
Samsung,Samsung Galaxy M31s,15999,6.5,4,32.0,64.0,128.0,6.0,6000.0,2
Vivo,Vivo Y20,12990,6.51,3,8.0,13.0,64.0,4.0,5000.0,2
Realme,Realme 7i,13999,6.5,4,16.0,64.0,128.0,8.0,5000.0,3
OnePlus,OnePlus Nord,27978,6.44,4,32.0,48.0,128.0,8.0,4115.0,2
Xiaomi,Xiaomi Mi 11 Ultra,69999,6.8,3,20.0,50.0,256.0,12.0,5000.0,3
Xiaomi,Xiaomi Redmi 9A,7999,6.53,2,5.0,13.0,128.0,4.0,5000.0,1
Xiaomi,Xiaomi Redmi Note 8 128GB,15990,6.3,4,13.0,48.0,128.0,6.0,4000.0,3
Poco,Poco X3,15999,6.67,4,20.0,64.0,64.0,6.0,6000.0,3
Apple,Apple iPhone X 256GB,69999,5.8,2,7.0,12.0,256.0,3.0,2716.0,1
Tecno,Tecno Spark 6 Go 64GB,10480,6.52,2,8.0,13.0,64.0,4.0,5000.0,1
Realme,Realme 5,11999,6.5,4,13.0,12.0,64.0,4.0,5000.0,2
Realme,Realme 5i,9597,6.52,4,8.0,12.0,64.0,4.0,5000.0,1
Vivo,Vivo V19,22990,6.44,4,32.0,48.0,128.0,8.0,4500.0,3
Vivo,Vivo V17 Pro,28990,6.44,4,32.0,48.0,128.0,8.0,4100.0,1
Infinix,Infinix Hot 10,9499,6.78,4,8.0,16.0,64.0,4.0,5200.0,1
Samsung,Samsung Galaxy A52 5G,24189,6.5,4,32.0,64.0,128.0,6.0,4500.0,2
Realme,Realme 7 Pro,19490,6.4,4,32.0,64.0,128.0,6.0,4500.0,3
Oneplus,Oneplus 9 Pro,49999,6.7,4,16.0,48.0,128.0,8.0,4500.0,2
Apple,Apple iPhone X,64789,5.8,2,7.0,12.0,64.0,3.0,2716.0,1
Samsung,Samsung Galaxy M31 128GB,14999,6.4,4,32.0,64.0,128.0,6.0,6000.0,3
Poco,Poco C3 64GB,9070,6.43,3,5.0,13.0,64.0,4.0,5000.0,1
Xiaomi,Xiaomi Mi 10i,17994,6.67,4,16.0,108.0,128.0,6.0,4820.0,3
Apple,Apple iPhone 11,45990,6.1,2,12.0,12.0,64.0,4.0,3110.0,1
Xiaomi,Xiaomi Redmi 9 Prime,10499,6.53,4,8.0,13.0,64.0,4.0,5020.0,1
vivo,vivo V20,23990,6.44,3,44.0,64.0,128.0,8.0,4500.0,3
Oppo,Oppo A12,8190,6.22,2,5.0,13.0,64.0,4.0,4230.0,1
OnePlus,OnePlus 8,39999,6.55,3,16.0,48.0,128.0,8.0,4300.0,2
Xiaomi,Xiaomi Redmi Note 10 Pro 4G,15999,6.67,4,16.0,108.0,64.0,6.0,5050.0,3
Xiaomi,Xiaomi Redmi Note 9 Pro 128GB,14499,6.67,4,16.0,48.0,128.0,6.0,5020.0,3
Samsung,Samsung Galaxy M51,19999,6.7,4,32.0,64.0,128.0,6.0,7000.0,2
Oppo,Oppo F15,18980,6.4,4,16.0,48.0,128.0,8.0,4000.0,1
Vivo,Vivo Y19,14990,6.53,3,16.0,16.0,128.0,4.0,5000.0,1
Redmi,Redmi 9,9499,6.53,4,8.0,13.0,64.0,4.0,5020.0,1
POCO,POCO X2,18999,6.67,4,20.0,64.0,64.0,6.0,4500.0,3
Xiaomi,Xiaomi Redmi Note 9,11990,6.53,4,13.0,48.0,64.0,4.0,5020.0,2
OnePlus,OnePlus 8T,38999,6.55,4,16.0,48.0,128.0,8.0,4500.0,2
Apple,Apple iPhone XR,34999,6.1,1,7.0,12.0,64.0,3.0,2942.0,1
Samsung,Samsung Galaxy F62,23999,6.7,4,32.0,64.0,128.0,6.0,7000.0,2
Samsung,Samsung Galaxy M31,17989,6.4,4,32.0,68.0,64.0,6.0,6000.0,3
Realme,Realme 5s 128GB,11999,6.5,4,13.0,48.0,128.0,4.0,5000.0,1
OnePlus,OnePlus Nord 5G 256GB,29989,6.44,4,32.0,48.0,256.0,12.0,4115.0,2
Apple,Apple iPhone 11 Pro,79899,5.8,3,12.0,12.0,64.0,4.0,3190.0,1
Moto,Moto G30,10999,6.5,4,13.0,64.0,128.0,4.0,5000.0,2
Apple,Apple iPhone 11 Pro 256GB,86900,5.8,3,12.0,12.0,256.0,6.0,3190.0,1
Samsung,Samsung Galaxy M30s,14999,6.4,3,16.0,48.0,64.0,4.0,6000.0,2
Apple,Apple iPhone 11 Pro Max,87900,6.5,3,12.0,12.0,128.0,6.0,3969.0,2
Poco,Poco M2,10499,6.53,4,8.0,13.0,64.0,6.0,5000.0,1
Poco,Poco M2 Pro,13990,6.67,4,16.0,48.0,64.0,4.0,5000.0,3
Samsung,Samsung Galaxy S20 FE 5G,32490,6.5,3,32.0,12.0,128.0,8.0,4500.0,1
Poco,Poco M3,12950,6.53,3,8.0,48.0,64.0,6.0,6000.0,3
Oppo,Oppo A53 2020,13990,6.53,3,16.0,13.0,64.0,4.0,5000.0,1
Xiaomi,Xiaomi Redmi 9A 128GB,8600,6.53,2,5.0,13.0,,3.0,5000.0,1
Vivo,Vivo U20,11749,6.53,3,16.0,16.0,64.0,4.0,5000.0,2
Samsung,Samsung Galaxy F41 128GB,14499,6.4,3,32.0,64.0,128.0,6.0,6000.0,3
Apple,Apple iPhone XS Max,69900,6.5,2,7.0,12.0,64.0,4.0,3174.0,1
OnePlus,OnePlus Nord 5G 64GB,24999,6.44,4,32.0,48.0,64.0,6.0,4115.0,3
Apple,Apple iPhone 11 128GB,50990,6.1,2,12.0,12.0,128.0,4.0,3110.0,1
Realme,Realme Narzo 20,10499,6.5,3,8.0,48.0,64.0,4.0,6000.0,2
Oppo,Oppo A9 2020,18490,6.5,4,16.0,48.0,128.0,8.0,5000.0,1
Realme,Realme C15,11396,6.5,4,5.0,13.0,64.0,4.0,6000.0,2
Vivo,Vivo V20 SE,19990,6.44,3,32.0,48.0,128.0,8.0,4100.0,3
Samsung,Samsung Galaxy M31s 128GB,19999,6.5,4,32.0,64.0,128.0,8.0,6000.0,3
Xiaomi,Xiaomi Redmi 9 Power 64GB,11425,6.53,4,8.0,48.0,64.0,4.0,6000.0,3
Vivo,Vivo Y12,10794,6.35,3,8.0,8.0,64.0,4.0,5000.0,1
OnePlus,OnePlus 8T 256GB,44999,6.55,4,16.0,48.0,256.0,12.0,4500.0,2
Tecno,Tecno Camon i2X,9599,6.2,2,16.0,13.0,64.0,4.0,3750.0,1
OnePlus,OnePlus 7 128GB,29950,6.4,2,16.0,48.0,128.0,6.0,3700.0,1
Xiaomi,Xiaomi Redmi 9 Prime 128GB,11598,6.53,4,8.0,13.0,128.0,4.0,5020.0,2
Samsung,Samsung Galaxy M21,14090,6.4,3,20.0,48.0,64.0,4.0,6000.0,2
Realme,Realme 7 128GB,17780,6.5,4,16.0,64.0,128.0,8.0,5000.0,3
Tecno,Tecno Pova,9599,6.8,4,8.0,13.0,128.0,6.0,6000.0,1
Samsung,Samsung Galaxy Note10 Plus,79999,6.8,4,10.0,12.0,256.0,12.0,4300.0,2
Samsung,Samsung Galaxy S21 Ultra,105999,6.8,4,40.0,108.0,128.0,12.0,5000.0,1
iQOO,iQOO 7,29990,6.62,3,16.0,48.0,128.0,8.0,4400.0,2
Poco,Poco C3,8030,6.43,3,5.0,13.0,32.0,3.0,5000.0,1
Apple,Apple iPhone 12 mini 128 GB,49999,5.4,2,12.0,12.0,128.0,4.0,2227.0,1
Oppo,Oppo A5 2020 4GB,11990,,4,8.0,12.0,64.0,4.0,5000.0,1
Oppo,Oppo A52,15990,6.5,4,16.0,12.0,64.0,4.0,5000.0,2
Samsung,Samsung Galaxy A50s 128GB,14994,6.4,3,32.0,48.0,128.0,6.0,4000.0,1
Xiaomi,Xiaomi Redmi Note 9 128GB 6GB,15389,6.4,4,13.0,48.0,128.0,6.0,4100.0,3
Realme,Realme Narzo 20 Pro,14490,6.5,4,16.0,48.0,64.0,6.0,4500.0,3
Samsung,Samsung Galaxy Note20 Ultra,95000,6.9,3,40.0,108.0,256.0,12.0,4500.0,2
Samsung,Samsung Galaxy Note10 256GB,59999,6.3,3,10.0,12.0,256.0,8.0,3500.0,2
Samsung,Samsung Galaxy Note 8,39999,6.3,2,8.0,12.0,64.0,6.0,3300.0,2
Redmi,Redmi Note 8 Pro,15990,6.53,4,20.0,64.0,64.0,6.0,4500.0,3
Oppo,Oppo A11k,8490,6.22,2,5.0,13.0,32.0,2.0,4230.0,1
LG,LG G8X ThinQ,24990,6.4,2,32.0,12.0,128.0,6.0,4000.0,2
Samsung,Samsung Galaxy S10 Plus,47990,6.4,3,10.0,12.0,128.0,8.0,4100.0,2
Samsung,Samsung Galaxy A50 128GB,23990,6.4,3,25.0,25.0,128.0,6.0,4000.0,2
Xiaomi,Xiaomi Mi A3,12999,6.01,3,32.0,48.0,64.0,4.0,4030.0,2
Xiaomi,Xiaomi Redmi Note 9 Pro Max,15868,6.67,4,32.0,64.0,64.0,6.0,5020.0,3
Asus,Asus ROG Phone 5,57999,6.78,3,24.0,64.0,512.0,12.0,6000.0,2
Xiaomi,Xiaomi Redmi 9i,8944,6.53,1,5.0,13.0,64.0,4.0,5000.0,1
Apple,Apple iPhone 12,54900,6.1,2,12.0,12.0,64.0,4.0,2815.0,1
Asus,Asus ROG Phone 3,34999,6.59,3,24.0,64.0,128.0,12.0,6000.0,1
Infinix,Infinix Hot 9 Pro,10499,6.6,4,8.0,48.0,64.0,4.0,5000.0,1
Apple,Apple iPhone 7,28499,4.7,1,7.0,12.0,32.0,2.0,1960.0,1
POCO,POCO X2 128GB 6GB RAM,19999,6.67,4,20.0,64.0,128.0,6.0,4500.0,1
OnePlus,OnePlus 8 Pro 256GB,49999,6.65,4,32.0,64.0,256.0,8.0,4500.0,2
TECNO,TECNO Spark Power 2,9999,7.0,4,16.0,16.0,64.0,4.0,6000.0,2
POCO,POCO X2 256GB 8GB RAM,21499,6.67,4,20.0,64.0,256.0,8.0,4500.0,1
Samsung,Samsung Galaxy M01 Core,5998,5.14,1,5.0,8.0,32.0,2.0,3000.0,1
Samsung,Samsung Galaxy S9,34999,5.8,1,8.0,12.0,64.0,4.0,3000.0,3
Samsung,Samsung Galaxy S20 Ultra 5G,85000,6.7,3,10.0,108.0,128.0,12.0,5000.0,3
Apple,Apple iPhone 11 256GB,69900,6.1,2,12.0,12.0,256.0,4.0,3110.0,1
Xiaomi,Xiaomi Redmi 9 Power,11999,6.53,4,8.0,48.0,128.0,4.0,6000.0,3
Apple,Apple iPhone 12 128 GB,59999,6.1,2,12.0,12.0,128.0,4.0,2775.0,1
Realme,Realme 6,12990,6.5,4,16.0,64.0,64.0,4.0,4300.0,2
OnePlus,OnePlus 7T 128GB,32999,6.55,3,16.0,48.0,128.0,8.0,3800.0,1
Apple,Apple iPhone XS,62999,5.8,2,7.0,12.0,64.0,4.0,2658.0,1
Vivo,Vivo Y12 32GB,12490,6.35,3,8.0,8.0,32.0,3.0,5000.0,1
Xiaomi,Xiaomi Redmi 8,5000,6.2,2,8.0,12.0,16.0,2.0,5000.0,1
OPPO,OPPO F19,15490,6.44,3,16.0,48.0,128.0,6.0,5000.0,3
OnePlus,OnePlus 8 Pro,48999,6.78,4,16.0,48.0,128.0,8.0,4510.0,2
Samsung,Samsung Galaxy A12,12990,6.5,4,8.0,48.0,64.0,4.0,5000.0,2
Sony,Sony Xperia 1 128GB,20000,6.5,3,8.0,12.0,128.0,6.0,3300.0,2
Oppo,Oppo find X3 pro,99990,6.7,4,32.0,50.0,256.0,12.0,4500.0,2
Samsung,Samsung Galaxy A30s,14490,6.4,3,16.0,25.0,64.0,4.0,4000.0,1
Realme,Realme C11,7740,6.5,2,5.0,13.0,32.0,2.0,5000.0,1
Realme,Realme 5 32GB,10990,6.5,4,13.0,12.0,32.0,3.0,5000.0,1
Realme,Realme Narzo 30 Pro,16999,6.5,4,16.0,48.0,64.0,6.0,5000.0,2
Xiaomi,Xiaomi Mi 10T Pro 5G,34990,6.67,3,20.0,108.0,128.0,8.0,5000.0,1
Xiaomi,Xiaomi Mi 10i 128GB,16999,6.67,4,16.0,108.0,128.0,8.0,4820.0,3
Realme,Realme 6 128GB,16999,6.5,4,16.0,64.0,128.0,6.0,4300.0,2
Samsung,Samsung Galaxy M02s,10499,6.5,3,5.0,13.0,64.0,4.0,5000.0,1
Samsung,Samsung Galaxy S9 Plus,54999,6.2,2,8.0,12.0,64.0,6.0,3500.0,2
Infinix,Infinix Smart 4,7990,6.82,1,8.0,13.0,32.0,2.0,6000.0,1
Vivo,Vivo Y20 2021,13990,6.51,3,8.0,13.0,64.0,4.0,5000.0,1
Poco,Poco M2 128GB,14999,6.53,4,8.0,13.0,128.0,6.0,5000.0,3
Nokia,Nokia C3,5199,5.99,1,5.0,8.0,32.0,3.0,3040.0,1
Apple,Apple iPhone 6 32GB,29565,4.7,1,1.2,8.0,32.0,1.0,1810.0,1
OnePlus,OnePlus 8 256GB,44990,6.55,3,16.0,48.0,256.0,8.0,4300.0,2
Samsung,Samsung Galaxy M21 128GB,14499,6.4,3,20.0,48.0,128.0,6.0,6000.0,2
Xiaomi,Xiaomi Redmi 9 Power 128GB,12850,6.53,4,8.0,48.0,128.0,6.0,6000.0,1
Vivo,Vivo Y91,8490,6.22,2,8.0,13.0,32.0,2.0,4030.0,1
Tecno,Tecno Spark Go,6490,,1,5.0,8.0,16.0,2.0,3000.0,1
Xiaomi,Xiaomi Redmi 8 64GB,10999,6.2,2,8.0,12.0,64.0,4.0,5000.0,1
Redmi,Redmi Note 8 Pro 128GB,15794,6.53,4,20.0,64.0,128.0,6.0,4500.0,3
samsung,samsung galaxy s20,49999,6.2,3,10.0,12.0,128.0,12.0,4000.0,2
Infinix,Infinix Smart 5,7499,6.82,3,8.0,13.0,32.0,2.0,6000.0,1
Apple,Apple iPhone 12 Pro Max,119900,6.7,4,12.0,12.0,128.0,6.0,3687.0,2
Vivo,Vivo V17,17990,6.38,4,32.0,48.0,128.0,8.0,4500.0,2
Apple,Apple iPhone 7 Plus,36998,5.5,2,7.0,12.0,,3.0,2900.0,1
Redmi,Redmi 9 128GB,10299,6.53,4,8.0,13.0,128.0,4.0,5020.0,1
Xiaomi,Xiaomi Redmi Note 9 Pro,13699,6.67,4,16.0,48.0,64.0,6.0,5020.0,3
Oppo,Oppo A93,22563,6.5,3,8.0,48.0,128.0,8.0,5000.0,3
Samsung,Samsung Galaxy S20 FE 4G,39990,6.5,3,32.0,12.0,128.0,6.0,4500.0,1
Xiaomi,Xiaomi Mi 10,44999,6.67,4,20.0,108.0,128.0,8.0,4780.0,3
Realme,Realme C20,7499,6.5,1,5.0,8.0,32.0,2.0,5000.0,1
Google,Google Pixel 4a,31999,5.81,1,8.0,12.0,128.0,6.0,3140.0,1
Apple,Apple iPhone 12 mini,40249,5.4,2,12.0,12.0,64.0,4.0,2227.0,1
Oppo,Oppo F11 Pro,16990,6.5,2,16.0,48.0,64.0,6.0,4000.0,2
Vivo,Vivo Z1 Pro,14990,6.53,3,32.0,16.0,64.0,4.0,5000.0,2
Realme,Realme 5 128GB,11999,6.5,4,13.0,12.0,128.0,4.0,5000.0,2
Apple,Apple iPhone XS Max 256GB,79900,6.5,2,7.0,12.0,256.0,4.0,,1
Realme,Realme 5s,9999,6.5,4,13.0,48.0,64.0,4.0,5000.0,1
Infinix,Infinix s5 pro,9999,6.53,3,16.0,48.0,64.0,4.0,4000.0,1
Oppo,Oppo Reno 2F,21990,6.53,4,16.0,48.0,128.0,8.0,4000.0,2
Samsung,Samsung Galaxy S20+ 5G,54990,6.7,3,10.0,64.0,128.0,12.0,4500.0,2
Samsung,Samsung galaxy S21 5g,52950,6.3,1,10.0,64.0,128.0,8.0,4500.0,1
Xiaomi,Xiaomi Redmi Note 9 128GB,13499,6.4,4,13.0,48.0,128.0,4.0,4100.0,3
Samsung,Samsung Galaxy A50,16990,6.4,3,25.0,25.0,64.0,4.0,4000.0,1
REALME,REALME NARZO 10,13350,6.5,4,16.0,48.0,128.0,4.0,5000.0,2
Samsung,Samsung Galaxy M51 128GB,21999,6.7,4,32.0,64.0,128.0,8.0,7000.0,1
Xiaomi,Xiaomi Mi 11 Lite,21999,6.67,3,16.0,64.0,128.0,6.0,4250.0,2
Xiaomi,Xiaomi Redmi K20 Pro,23990,6.39,3,20.0,48.0,128.0,6.0,4000.0,1
TECNO,TECNO Spark 5 pro,9890,6.6,4,8.0,16.0,64.0,4.0,5000.0,1
Samsung,Samsung Galaxy M30s 128GB,17990,6.4,3,16.0,48.0,128.0,6.0,6000.0,1
Samsung,Samsung Galaxy M11,11799,6.14,3,8.0,13.0,32.0,3.0,5000.0,1
Oppo,Oppo A5 2020,9990,,4,8.0,12.0,64.0,3.0,5000.0,1
Samsung,Samsung Galaxy M12,9999,6.5,4,8.0,48.0,32.0,3.0,6000.0,1
Samsung,Samsung Galaxy J7 Max,14900,5.7,1,13.0,13.0,32.0,4.0,3300.0,1
Xiaomi,Xiaomi Redmi 7A 32GB,6990,5.45,1,5.0,12.0,32.0,2.0,4000.0,1
Samsung,Samsung Galaxy A72 5G,33249,6.7,4,32.0,64.0,128.0,8.0,5000.0,2
Apple,Apple iPhone XR 128GB,45999,6.1,1,7.0,12.0,128.0,3.0,2942.0,1
Samsung,Samsung Galaxy A50s,22999,6.4,3,32.0,48.0,64.0,4.0,4000.0,1
Nokia,Nokia 8 Sirocco,13999,5.5,2,5.0,12.0,128.0,6.0,3260.0,2
Samsung,Samsung Galaxy S8,38000,5.8,1,8.0,12.0,64.0,4.0,3000.0,3
Huawei,Huawei Mate 30 Pro 5G 256GB,78050,6.53,4,32.0,40.0,256.0,8.0,4500.0,2
Samsung,Samsung Galaxy J7 Pro,14999,5.5,1,13.0,13.0,64.0,3.0,3600.0,2
Tecno,Tecno Spark 6 Go,8699,6.52,2,8.0,13.0,32.0,2.0,5000.0,1
vivo,vivo Y50,16490,6.53,4,16.0,13.0,128.0,8.0,5000.0,1
Samsung,Samsung Galaxy S10 128GB,44999,6.1,3,10.0,12.0,128.0,8.0,3400.0,1
OnePlus,OnePlus 7T,37999,6.55,3,16.0,48.0,64.0,8.0,3800.0,2
vivo,vivo Y30,13990,6.47,4,8.0,13.0,128.0,4.0,5000.0,1
Oppo,Oppo F17 128GB,18999,6.44,4,16.0,16.0,128.0,8.0,4000.0,2
Honor,Honor 9A,9999,6.3,3,8.0,13.0,64.0,3.0,5000.0,1
OPPO,OPPO F7,23990,6.23,1,25.0,16.0,128.0,6.0,3400.0,1
Oppo,Oppo A5s 64GB,9990,6.2,2,8.0,13.0,64.0,4.0,4230.0,1
Xiaomi,Xiaomi Mi A2,10990,5.99,2,20.0,12.0,64.0,4.0,3000.0,1
Realme,Realme C2,6398,6.1,2,5.0,13.0,32.0,3.0,4000.0,1
Apple,Apple iPhone 11 Pro Max 256GB,96900,6.5,3,12.0,12.0,256.0,6.0,3500.0,1
Samsung,Samsung Galaxy Note 9,63990,6.4,2,8.0,12.0,128.0,6.0,4000.0,2
Oppo,Oppo A92,21990,6.5,4,16.0,48.0,128.0,8.0,5000.0,3
Samsung,Samsung Galaxy S10,53999,6.1,3,10.0,12.0,64.0,6.0,3400.0,1
Realme,Realme 7 Pro 128GB,20999,6.4,4,32.0,64.0,128.0,8.0,4500.0,3
vivo,vivo X50,29149,6.56,4,32.0,48.0,128.0,8.0,4200.0,1
Motorola,Motorola Moto G 5G,22999,6.7,3,16.0,48.0,64.0,4.0,5000.0,1
Oppo,Oppo Reno 2 256GB,38990,6.55,4,16.0,48.0,256.0,8.0,4000.0,2
Samsung,Samsung Galaxy Note 8 128GB,61500,6.3,2,8.0,12.0,128.0,6.0,3300.0,2
Samsung,Samsung Galaxy M20,10499,6.3,2,8.0,13.0,32.0,3.0,5000.0,1
Realme,Realme X7,19999,6.4,4,32.0,64.0,128.0,6.0,4300.0,2
Vivo,Vivo X60,39990,6.56,3,32.0,48.0,256.0,12.0,4300.0,2
Samsung,Samsung Galaxy A10s,9499,6.2,2,8.0,13.0,32.0,2.0,4000.0,1
Realme,Realme XT,16990,6.4,4,16.0,64.0,64.0,4.0,4000.0,3
Vivo,Vivo Z1 Pro 128GB,14990,6.53,3,32.0,16.0,128.0,6.0,5000.0,2
Samsung,Samsung Galaxy M01,7499,5.26,2,5.0,13.0,32.0,3.0,4000.0,1
Nokia,Nokia 1,3649,4.5,1,2.0,5.0,8.0,1.0,2150.0,1
Samsung,Samsung Galaxy M02,7999,6.5,2,5.0,13.0,32.0,2.0,5000.0,1
Moto,Moto G9,10999,6.5,3,8.0,48.0,64.0,4.0,5000.0,2
Samsung,Samsung Galaxy S20 FE 5G 256GB,42500,6.5,3,32.0,12.0,,8.0,4500.0,1
Xiaomi,Xiaomi Redmi Note 7 Pro,12800,6.3,2,13.0,48.0,64.0,4.0,4000.0,2
Sony,Sony Xperia XA1,11999,5.0,1,8.0,23.0,32.0,3.0,2300.0,1
Xiaomi,Xiaomi Redmi Note 7S,13490,,1,13.0,48.0,64.0,4.0,4000.0,1
Oppo,Oppo Reno 2Z,27490,6.53,4,16.0,48.0,256.0,8.0,4000.0,1
Apple,Apple iPhone 11 Pro Max 64GB,95999,6.5,3,12.0,12.0,64.0,6.0,3500.0,1
Tecno,Tecno Spark 4 Air,6499,,2,5.0,13.0,32.0,3.0,3000.0,1
OPPO,OPPO A15,10990,6.52,3,5.0,13.0,32.0,3.0,4230.0,1
Vivo,Vivo V20 Pro,29990,6.44,3,44.0,64.0,128.0,8.0,4000.0,1
Asus,Asus ROG Phone II 256GB,10000,6.59,2,24.0,48.0,256.0,12.0,6000.0,1
Oppo,Oppo F9,14990,6.3,2,25.0,16.0,64.0,4.0,3500.0,1
Vivo,Vivo V11 Pro,25990,6.41,2,25.0,12.0,128.0,6.0,3400.0,2
Realme,Realme 2 Pro 64GB,9608,6.3,2,16.0,16.0,64.0,4.0,3500.0,2
Realme,Realme Narzo 20 128GB,11499,6.5,3,8.0,48.0,,4.0,6000.0,2
Apple,Apple iPhone 12 mini 256 GB,59999,5.4,2,12.0,12.0,256.0,4.0,2227.0,1
Nokia,Nokia 7.2 128GB,10000,6.3,3,20.0,48.0,128.0,6.0,3500.0,1
RealMe,RealMe X2 128GB,19999,6.4,4,32.0,64.0,128.0,8.0,4000.0,3
IQOO,IQOO 3 5G,33999,6.44,4,16.0,48.0,128.0,6.0,4370.0,2
Samsung,Samsung Galaxy A31,17999,6.4,4,20.0,48.0,64.0,4.0,5000.0,2
Realme,Realme C15 32GB,9778,6.5,4,5.0,13.0,32.0,3.0,6000.0,2
Realme,Realme C12,8999,6.5,3,5.0,13.0,32.0,3.0,6000.0,1
Xiaomi,Xiaomi Mi A3 128GB,17490,6.01,3,32.0,48.0,128.0,6.0,4030.0,3
Xiaomi,Xiaomi Mi 9T 256GB,19000,6.39,3,20.0,48.0,256.0,6.0,4000.0,2
Xiaomi,Xiaomi Mi 10i 64GB,21999,6.67,4,16.0,108.0,64.0,6.0,4820.0,2
Google,Google Pixel 4a 5G,31999,6.2,2,8.0,12.2,128.0,6.0,3800.0,1
Vivo,Vivo S1 4 GB,16990,6.38,3,32.0,16.0,64.0,4.0,4500.0,1
Oppo,Oppo Reno 10x zoom,38990,6.6,3,16.0,48.0,128.0,6.0,4065.0,2
Apple,Apple iPhone 11 Pro 512GB,94900,5.8,3,12.0,12.0,512.0,6.0,3190.0,1
OnePlus,OnePlus 7T Pro McLaren Limited Edition (12GB RAM+256GB,58999,6.67,3,8.0,48.0,256.0,12.0,4085.0,2
Apple,Apple iPhone XR 256GB,47900,6.1,1,7.0,12.0,256.0,3.0,2942.0,1
Google,Google Pixel 3a,30999,5.6,1,8.0,12.2,64.0,4.0,3000.0,1
Micromax,Micromax In 1b,7499,6.52,2,8.0,13.0,32.0,2.0,5000.0,1
OnePlus,OnePlus 7 Pro 128GB,39990,6.7,3,16.0,48.0,128.0,6.0,4000.0,2
Huawei,Huawei Y9s,19490,6.59,3,16.0,48.0,128.0,6.0,4000.0,2
Samsung,Samsung Galaxy Note10,56000,6.66,3,10.0,12.0,64.0,8.0,3500.0,2
Micromax,Micromax In Note 1,10999,6.67,4,16.0,48.0,64.0,4.0,5000.0,1
Apple,Apple iPhone 8 Plus,41500,5.5,2,7.0,12.0,,3.0,2691.0,1
Apple,Apple iPhone XS 256GB,64999,5.8,2,7.0,12.0,256.0,4.0,2658.0,1
Apple,Apple iPhone SE 32GB,26000,4.0,1,1.2,12.0,32.0,2.0,1642.0,1
Oppo,Oppo K3,19404,6.5,2,16.0,16.0,128.0,8.0,3765.0,2
Realme,Realme 3,10490,6.22,2,13.0,13.0,64.0,4.0,4230.0,1
Apple,Apple iPhone 11 Pro Max 512GB,99900,6.5,3,12.0,12.0,512.0,6.0,3500.0,1
Infinix,Infinix Hot 8,9999,6.0,3,8.0,13.0,64.0,4.0,5000.0,1
Oppo,Oppo A52 128GB,12790,6.5,4,16.0,12.0,128.0,4.0,5000.0,2
Apple,Apple iPhone 12 256 GB,93900,6.1,2,12.0,12.0,256.0,4.0,2775.0,1
Vivo,Vivo V9,14690,6.3,2,24.0,16.0,64.0,4.0,3260.0,1
Realme,Realme C3,8790,6.5,2,5.0,12.0,32.0,3.0,5000.0,1
Huawei,Huawei P30 Pro 256GB,61999,6.47,4,32.0,40.0,256.0,8.0,4200.0,2
Samsung,Samsung Galaxy S7 Edge,39999,5.5,1,5.0,12.0,32.0,4.0,3600.0,1
Samsung,Samsung Galaxy M01 Core 16GB,4949,5.14,1,5.0,8.0,16.0,1.0,3000.0,1
Redmi,Redmi Note 5 Pro,13890,5.99,2,20.0,12.0,64.0,4.0,4000.0,1
Oppo,Oppo A57,12000,5.2,1,16.0,13.0,32.0,3.0,2900.0,1
Asus,Asus ROG Phone II,40999,6.59,2,24.0,48.0,128.0,8.0,6000.0,2
Vivo,Vivo S1,13999,6.38,3,32.0,16.0,128.0,6.0,4500.0,2
Moto,Moto G8 Power Lite,9999,6.5,3,8.0,16.0,64.0,4.0,5000.0,1
Oppo,Oppo A1k,7990,6.1,1,5.0,8.0,32.0,2.0,4000.0,1
Samsung,Samsung Galaxy A71 5G,37000,6.7,4,32.0,64.0,128.0,8.0,4500.0,1
Samsung,Samsung Galaxy A52 4G,25292,6.5,4,32.0,48.0,64.0,6.0,4500.0,2
Samsung,Samsung Galaxy Note 10 Lite,41999,6.7,3,32.0,12.0,128.0,6.0,4500.0,1
Xiaomi,Xiaomi Mi A1,10490,5.5,2,5.0,12.0,64.0,4.0,3080.0,1
Apple,Apple iPhone 8,38093,4.7,1,7.0,12.0,,2.0,1821.0,1
Nokia,Nokia 8.1,11994,6.18,2,20.0,12.0,64.0,4.0,3500.0,2
Nokia,Nokia 5.3,11998,6.55,4,8.0,13.0,64.0,4.0,4000.0,2
Oppo,Oppo Reno4 Pro,29999,6.55,3,32.0,48.0,128.0,8.0,4000.0,2
Realme,Realme 3 32GB,10500,6.22,2,13.0,13.0,32.0,3.0,4230.0,1
Apple,Apple iPhone XS Max 512GB,79999,6.5,2,7.0,12.0,512.0,4.0,3174.0,1
OnePlus,OnePlus 3T,24999,5.5,1,16.0,16.0,,6.0,3400.0,1
Lenovo,Lenovo Z6 Pro,13999,6.39,4,32.0,48.0,128.0,8.0,4000.0,2
Oppo,Oppo F17 Pro,19900,6.43,4,16.0,48.0,128.0,8.0,4000.0,1
Huawei,Huawei P20 Lite,12800,5.8,2,24.0,16.0,128.0,4.0,3000.0,2
Tecno,Tecno Camon 16,13999,6.8,4,16.0,64.0,64.0,4.0,5000.0,2
Samsung,Samsung Galaxy M01s,8999,6.2,2,8.0,13.0,32.0,3.0,4000.0,1
Samsung,Samsung Galaxy A71,27498,6.7,4,32.0,64.0,128.0,6.0,4000.0,1
Asus,Asus ZenFone Max M1,6290,5.5,2,8.0,13.0,32.0,3.0,4000.0,1
Samsung,Samsung Galaxy A70,28990,6.7,3,32.0,32.0,64.0,4.0,4500.0,1
Oppo,Oppo F17 256GB,21990,6.44,4,16.0,16.0,256.0,6.0,4000.0,2
Oppo,Oppo F9 Pro 64GB,17990,6.3,2,25.0,16.0,64.0,6.0,3500.0,2
Apple,Apple iPhone SE 128GB,19999,4.0,1,1.2,12.0,128.0,2.0,1642.0,1
Xiaomi,Xiaomi Redmi 8 32GB,7999,6.2,2,8.0,12.0,32.0,3.0,5000.0,1
Samsung,Samsung Galaxy Note10 Plus 512GB,89999,6.8,4,10.0,12.0,512.0,12.0,4300.0,2
Realme,Realme 6i 128GB,14539,6.5,4,16.0,48.0,128.0,4.0,5000.0,1
Realme,Realme 7,14999,6.5,4,16.0,64.0,64.0,6.0,5000.0,2
Moto,Moto E4 Plus,7990,5.5,1,5.0,13.0,32.0,3.0,5000.0,1
Samsung,Samsung Galaxy S21 Ultra 5G 256GB,105999,6.8,4,40.0,108.0,256.0,12.0,5000.0,2
Sony,Sony Xperia XA1 Ultra,15990,6.0,1,16.0,23.0,32.0,4.0,2700.0,2
Realme,Realme 2 Pro,14990,6.3,2,16.0,16.0,64.0,6.0,3500.0,1
Redmi,Redmi Note 5 3GB/32GB,10999,5.99,1,5.0,12.0,32.0,3.0,4000.0,1
Xiaomi,Xiaomi Mi Max 2,14990,6.44,1,5.0,12.0,32.0,4.0,5300.0,1
vivo,vivo X50 Pro,49990,6.56,4,32.0,50.0,128.0,8.0,4315.0,1
Asus,Asus ZenFone Max Pro M2,15999,6.26,2,13.0,12.0,32.0,4.0,5000.0,1
Vivo,Vivo Y20i,11490,6.51,3,8.0,13.0,64.0,3.0,5000.0,1
Xiaomi,Xiaomi Redmi Y2 32GB,7999,5.99,2,16.0,12.0,32.0,3.0,3080.0,1
Tecno,Tecno Camon i2,10250,6.2,2,16.0,13.0,32.0,3.0,3750.0,1
Samsung,Samsung Galaxy A51,20998,6.5,4,32.0,48.0,64.0,4.0,4000.0,1
Blackberry,Blackberry KEYone,47500,4.5,1,8.0,12.0,64.0,4.0,3505.0,1
Samsung,Samsung Galaxy M40,15999,6.3,3,16.0,32.0,128.0,6.0,3500.0,2
Samsung,Samsung Galaxy M30,12999,6.4,3,16.0,13.0,64.0,4.0,5000.0,1
Oppo,Oppo A31 (2020),10990,6.5,3,8.0,12.0,64.0,4.0,4230.0,1
Samsung,Samsung Galaxy M02s 32GB,9449,6.5,3,5.0,13.0,32.0,3.0,5000.0,1
OnePlus,OnePlus 7T 256GB,34997,6.55,3,16.0,48.0,256.0,8.0,3800.0,2
Apple,Apple iPhone SE,76019,4.0,1,1.2,12.0,16.0,2.0,1642.0,1
Oppo,Oppo A3s,6990,6.2,2,8.0,13.0,16.0,2.0,4230.0,1
Vivo,Vivo V15 Pro,23990,6.39,3,32.0,48.0,128.0,6.0,3700.0,1
Xiaomi,Xiaomi Redmi 8A,8999,6.22,1,8.0,12.0,64.0,2.0,5000.0,1
Nokia,Nokia 9 Pureview,13999,5.99,2,20.0,5.0,128.0,6.0,3320.0,1
Nokia,Nokia 7 Plus,15999,6.0,2,16.0,12.0,64.0,4.0,3800.0,1
OnePlus,OnePlus 6,34999,6.28,2,16.0,16.0,64.0,6.0,3300.0,2
OnePlus,OnePlus 7T Pro 256GB,43999,6.67,3,16.0,48.0,256.0,8.0,4085.0,2
Sony,Sony Xperia XZ Premium,33500,5.46,1,13.0,19.0,64.0,4.0,3230.0,1
BlackBerry,BlackBerry KEY2,42990,4.5,2,8.0,12.0,64.0,6.0,3500.0,1
Xiaomi,Xiaomi Mi 5 32 GB,9599,5.15,1,4.0,16.0,32.0,3.0,3000.0,1
Itel,Itel A46,4999,5.45,2,5.0,8.0,16.0,2.0,2400.0,1
Vivo,Vivo Y90,7990,6.22,1,5.0,8.0,32.0,2.0,4030.0,1
Samsung,Samsung Galaxy F41,15999,6.4,3,32.0,64.0,64.0,6.0,6000.0,3
Google,Google Pixel,22299,5.0,1,8.0,12.0,,4.0,2770.0,1
OnePlus,OnePlus 6T,27999,6.41,2,16.0,16.0,128.0,6.0,3700.0,1
Xiaomi,Xiaomi Redmi 5A,6999,5.0,1,5.0,13.0,16.0,2.0,3000.0,1
Samsung,Samsung Galaxy A21s 64GB,16499,6.55,4,13.0,48.0,64.0,4.0,5000.0,2
Alcatel,Alcatel 3x (2019),6499,6.52,3,8.0,16.0,64.0,4.0,4000.0,1
Oppo,Oppo Reno3 Pro,18499,6.4,4,44.0,64.0,128.0,8.0,4025.0,2
Pocophone,Pocophone F1 128GB,16990,6.18,2,20.0,12.0,128.0,6.0,4000.0,1
Realme,Realme X 128GB,17799,6.53,2,16.0,48.0,128.0,4.0,3765.0,2
Apple,Apple iPhone 7 128GB,34900,4.7,1,7.0,12.0,128.0,2.0,1960.0,1
vivo,vivo V20 256 GB,24990,6.44,3,44.0,64.0,256.0,8.0,4500.0,3
Honor,Honor 8x,9490,6.5,2,16.0,20.0,64.0,4.0,3750.0,2
Motorola,Motorola One Fusion+,17499,6.5,4,16.0,64.0,128.0,6.0,5000.0,2
Oppo,Oppo Find X,47999,6.42,2,25.0,16.0,128.0,8.0,3730.0,1
Xiaomi,Xiaomi Redmi 7A,6499,5.45,1,5.0,12.0,16.0,2.0,4000.0,1
Xiaomi,Xiaomi Redmi Note 7,10800,6.3,2,13.0,12.0,64.0,4.0,4000.0,2
Apple,Apple iPhone 7 Plus 128GB,39999,5.5,2,7.0,12.0,128.0,3.0,2900.0,1
Vivo,Vivo U10 (Vivo U3x),12990,6.35,3,8.0,13.0,64.0,4.0,5000.0,1
Oppo,Oppo K3 64GB,16846,6.5,2,16.0,16.0,64.0,6.0,3765.0,2
Realme,Realme 2,11990,6.2,2,8.0,13.0,64.0,4.0,4230.0,1
Samsung,Samsung Galaxy A70S,20900,6.7,3,32.0,64.0,128.0,6.0,4500.0,2
LG,LG W41 Pro,15490,6.55,4,8.0,48.0,128.0,6.0,5000.0,2
Samsung,Samsung Galaxy Note20,44990,6.53,3,10.0,12.0,256.0,12.0,4300.0,2
Micromax,Micromax In Note 1 128GB,10999,6.67,4,16.0,48.0,128.0,4.0,5000.0,2
Samsung,Samsung Galaxy M10,8690,6.2,2,5.0,13.0,32.0,3.0,3400.0,1
Asus,Asus ZenFone 5Z (ZS620KL),16999,6.2,2,8.0,12.0,64.0,6.0,3300.0,1
Oppo,Oppo F3 Plus,18940,6.0,1,8.0,16.0,64.0,4.0,4000.0,2
Oppo,Oppo Reno3 Pro 5G,41678,6.5,4,32.0,64.0,128.0,8.0,4025.0,2
Realme,Realme Narzo 20 Pro 128GB,16999,6.5,4,16.0,48.0,128.0,8.0,4500.0,3
Realme,Realme 6 Pro 64GB,17999,6.4,4,16.0,64.0,64.0,8.0,4300.0,3
OnePlus,OnePlus 3,7389,5.5,1,8.0,16.0,64.0,6.0,3000.0,2
Samsung,Samsung Galaxy On7 Pro,8999,5.5,1,5.0,13.0,16.0,2.0,3000.0,1
Coolpad,Coolpad Cool 6,14490,6.53,3,21.0,48.0,128.0,6.0,4000.0,1
Samsung,Samsung Galaxy S10 Plus 512GB,73800,6.4,3,10.0,12.0,512.0,8.0,4100.0,2
Oppo,Oppo F1s,9199,5.5,1,16.0,13.0,32.0,3.0,3075.0,1
Moto,Moto G5 Plus,11500,5.2,1,5.0,12.0,16.0,3.0,3000.0,1
Xiaomi,Xiaomi Redmi Note 4,10499,5.5,1,5.0,13.0,64.0,4.0,4100.0,1
OnePlus,OnePlus 5,28999,5.5,2,16.0,16.0,64.0,6.0,3300.0,1
Tecno,Tecno Spark 4,7999,,2,8.0,13.0,32.0,3.0,4000.0,1
Apple,Apple iPhone SE 64GB,32999,4.0,1,1.2,12.0,64.0,2.0,1642.0,1
Samsung,Samsung Galaxy A20,12900,6.4,2,8.0,13.0,32.0,3.0,4000.0,1
Vivo,Vivo X60 Pro,49990,6.56,3,32.0,48.0,256.0,12.0,4200.0,2
Oppo,Oppo A5s,8990,6.2,2,8.0,13.0,32.0,2.0,4230.0,1
Panasonic,Panasonic Eluga I7,6100,5.45,1,8.0,8.0,16.0,2.0,4000.0,1
Huawei,Huawei Honor 9N 128GB,12999,5.84,2,16.0,13.0,128.0,4.0,3000.0,2
Xiaomi,Xiaomi Redmi Go,5999,5.0,1,5.0,8.0,8.0,1.0,3000.0,1
Black,Black Shark 2,31999,6.39,2,20.0,48.0,128.0,6.0,4000.0,2
Xiaomi,Xiaomi Redmi Y2 64GB,8499,5.99,2,16.0,12.0,64.0,4.0,3080.0,1
Infinix,Infinix S5 lite,9999,6.6,3,16.0,16.0,32.0,3.0,4000.0,1
Realme,Realme 6i,13680,6.5,4,16.0,48.0,64.0,4.0,5000.0,1
Vivo,Vivo S1 Pro,18990,6.38,4,32.0,48.0,128.0,8.0,4500.0,1
Gionee,Gionee F8 Neo,5199,5.45,1,5.0,8.0,32.0,2.0,3000.0,1
Intex,Intex Aqua Lions 3G,5565,5.0,1,2.0,5.0,8.0,1.0,3500.0,1
Redmi,Redmi Note 8 Pro 8GB,19490,6.53,4,20.0,64.0,128.0,8.0,4500.0,1
Vivo,Vivo Y31 2021,26999,6.58,3,16.0,48.0,128.0,6.0,5000.0,2
Realme,Realme C15 Qualcomm Edition 64GB,11499,6.5,4,8.0,13.0,64.0,4.0,6000.0,1
Oppo,Oppo Reno5 Pro 5G 256GB,35990,6.55,4,32.0,64.0,256.0,12.0,4250.0,2
Sony,Sony Xperia XA Ultra,8199,6.0,1,16.0,21.5,16.0,3.0,2700.0,1
Huawei,Huawei Honor 9 Lite,8999,5.65,2,13.0,13.0,32.0,3.0,3000.0,1
Moto,Moto G5,8999,5.0,1,5.0,13.0,,,2800.0,1
Xiaomi,Xiaomi Redmi K20 Pro 256GB,26990,6.39,3,20.0,48.0,256.0,8.0,4000.0,1
Huawei,Huawei Honor 9X,13999,6.59,3,16.0,48.0,64.0,4.0,4000.0,1
REALME,REALME NARZO 10A,8999,6.52,3,5.0,12.0,32.0,3.0,5000.0,1
Realme,Realme X3 SuperZoom,29490,6.57,4,32.0,64.0,256.0,12.0,4200.0,2
Google,Google Pixel 4,57000,5.7,1,8.0,,128.0,6.0,2800.0,1
Oppo,Oppo Reno5 Pro 5G,35990,6.55,4,32.0,64.0,128.0,8.0,4350.0,2
HTC,HTC Wildfire X,8499,6.22,3,8.0,12.0,32.0,3.0,3300.0,1
Realme,Realme 5 Pro 6GB,14999,6.3,4,16.0,48.0,64.0,6.0,4035.0,1
Asus,Asus Zenfone Max Pro M1,8499,5.99,2,8.0,13.0,32.0,3.0,5000.0,1
Infinix,Infinix S5,9599,6.6,3,32.0,16.0,64.0,4.0,4000.0,1
Vivo,Vivo V7 Plus,20600,5.99,1,24.0,16.0,64.0,4.0,3225.0,2
Samsung,Samsung Galaxy A10,7990,6.2,1,5.0,13.0,32.0,3.0,3400.0,1
Realme,Realme X7 Pro 128GB,26756,6.55,4,32.0,64.0,128.0,8.0,4500.0,1
Huawei,Huawei Y8p,17100,6.3,3,16.0,48.0,128.0,4.0,4000.0,2
Samsung,Samsung Galaxy A21s,17100,6.55,4,13.0,48.0,32.0,3.0,5000.0,2
Redmi,Redmi 4 2GB,6999,5.0,1,5.0,13.0,16.0,2.0,4100.0,1
Huawei,Huawei Y9 2019,12999,6.5,2,16.0,13.0,64.0,4.0,4000.0,1
Lenovo,Lenovo K6 Power,6898,5.0,1,8.0,13.0,32.0,,4000.0,1
Samsung,Samsung Galaxy J7 Prime,11499,5.5,1,8.0,13.0,16.0,3.0,3300.0,1
Xiaomi,Xiaomi Mi A2 6GB,13990,5.99,2,20.0,12.0,64.0,6.0,3000.0,1
Oppo,Oppo Reno 10x zoom 256GB,41990,6.6,3,16.0,48.0,256.0,8.0,4065.0,1
LG,LG V30 Plus,25990,6.0,2,5.0,16.0,128.0,4.0,3300.0,2
Xiaomi,Xiaomi Mi A2 128GB,11100,5.99,2,20.0,12.0,128.0,6.0,3000.0,1
Moto,Moto G5S Plus,14990,5.5,2,8.0,13.0,64.0,4.0,3000.0,1
Samsung,Samsung Galaxy A9 Pro,19980,6.0,1,8.0,16.0,32.0,4.0,5000.0,2
OnePlus,OnePlus 7T Pro,44990,6.65,3,16.0,48.0,64.0,8.0,4085.0,2
Samsung,Samsung Galaxy S8 Plus 128GB,32990,6.2,1,8.0,12.0,128.0,6.0,3500.0,2
Lava,Lava Z1,5900,5.0,1,5.0,5.0,16.0,2.0,3100.0,1
Samsung,Samsung Galaxy A72,32541,6.7,4,32.0,64.0,128.0,6.0,5000.0,2
Infinix,Infinix Hot 7 Pro,10999,6.19,2,13.0,13.0,64.0,6.0,4000.0,1
Vivo,Vivo Y55S,11900,5.2,1,5.0,13.0,16.0,3.0,2730.0,1
Realme,Realme 6 Pro,19985,6.6,4,16.0,64.0,128.0,8.0,4300.0,3
VIVO,VIVO Y83,14990,6.22,1,8.0,13.0,64.0,4.0,3260.0,1
BlackBerry,BlackBerry KEY2 LE 64GB,29299,4.5,2,8.0,13.0,64.0,4.0,3000.0,1
Lenovo,Lenovo K9,5399,5.7,2,13.0,13.0,32.0,3.0,3000.0,1
Lenovo,Lenovo K8 Note 64GB,8399,5.5,2,13.0,13.0,64.0,,4000.0,2
Google,Google Pixel 3,25500,5.5,1,8.0,12.2,64.0,4.0,2915.0,1
Google,Google Pixel 3 XL,22620,6.3,1,8.0,12.2,64.0,4.0,3430.0,1
Apple,Apple iPhone 8 Plus 256GB,46130,5.5,2,7.0,12.0,256.0,3.0,2691.0,1
Honor,Honor Play 4T Pro,16200,6.3,3,16.0,48.0,128.0,6.0,4000.0,2
Oppo,Oppo F11,13990,6.5,2,16.0,48.0,128.0,4.0,4020.0,1
Samsung,Samsung Galaxy A70 128GB,23450,6.7,3,32.0,32.0,128.0,6.0,4500.0,1
Xiaomi,Xiaomi Redmi 6 Pro 64GB,8899,5.84,2,5.0,12.0,64.0,4.0,4000.0,2
Vivo,Vivo Y17,18990,6.35,3,20.0,13.0,128.0,4.0,5000.0,1
Realme,Realme C2 16GB,6096,6.1,2,8.0,13.0,16.0,2.0,4000.0,1
Google,Google Pixel 2 XL,29999,6.0,1,8.0,12.2,64.0,4.0,3520.0,1
Realme,Realme 3 Pro 64GB,15490,6.3,2,25.0,16.0,64.0,4.0,4045.0,2
Pocophone,Pocophone F1,15999,6.18,2,20.0,12.0,64.0,6.0,4000.0,2
LG,LG W11,9490,6.52,2,8.0,13.0,32.0,3.0,4000.0,1
Samsung,Samsung Galaxy S9 Plus 128GB,44000,6.2,2,8.0,12.0,128.0,6.0,3500.0,2
Redmi,Redmi 3s Prime,8990,5.0,1,5.0,13.0,32.0,3.0,4100.0,1
Redmi,Redmi Note 3 32GB,6899,5.5,1,5.0,16.0,32.0,3.0,4050.0,1
Sony,Sony Xperia R1 Plus,10999,5.2,1,8.0,13.0,32.0,3.0,2620.0,1
Tenor,Tenor (10.or E) 3GB 32 GB,9999,5.5,1,5.0,13.0,32.0,3.0,4000.0,1
Oppo,Oppo Reno Z 128GB,25200,6.4,2,32.0,48.0,128.0,6.0,4035.0,1
Samsung,Samsung Galaxy J2 2016,9750,5.0,1,5.0,8.0,8.0,1.5,2600.0,1
Sony,Sony XA1 Ultra,23000,6.0,1,16.0,23.0,,4.0,2700.0,2
Oppo,Oppo F17,16990,6.44,4,16.0,16.0,128.0,6.0,4000.0,2
Samsung,Samsung Galaxy Note10 Plus 5G,75000,6.8,4,10.0,12.0,256.0,12.0,4300.0,2
Vivo,Vivo V11 Pro 64GB,18999,6.41,2,25.0,12.0,64.0,6.0,3400.0,2
Lenovo,Lenovo A6 Note,7999,6.09,2,5.0,13.0,16.0,2.0,4000.0,1
Sony,Sony Xperia XA1 Plus,19999,5.5,1,8.0,23.0,32.0,,3430.0,1
Realme,Realme X3,24990,6.6,4,16.0,64.0,128.0,6.0,4200.0,1
Apple,Apple iPhone 12 Pro Max 512GB,149900,6.7,4,12.0,12.0,512.0,6.0,,1
Realme,Realme X2 Pro,23999,6.5,4,16.0,64.0,64.0,6.0,4000.0,2
Nokia,Nokia E71 2018,2650,3.5,1,5.0,8.0,8.0,1.0,,1
OnePlus,OnePlus 6 128GB,39999,6.28,2,16.0,16.0,128.0,8.0,3300.0,2
Realme,Realme X2 256GB,19999,6.4,4,32.0,64.0,256.0,6.0,4000.0,2
Xiaomi,Xiaomi Redmi 6A,4999,5.45,1,5.0,13.0,16.0,2.0,3000.0,1
Motorola,Motorola Moto E5 Plus,11999,5.9,1,5.0,12.0,32.0,3.0,5000.0,1
Karbonn,Karbonn K9 Jumbo,1099,2.4,1,,2.0,,,1800.0,1
Realme,Realme 3i,10499,6.22,2,13.0,13.0,64.0,4.0,4230.0,1
Motorola,Motorola Moto One Macro,9999,6.1,3,8.0,13.0,64.0,3.0,4000.0,1
Moto,Moto G8 Plus,12990,6.3,3,25.0,48.0,64.0,4.0,4000.0,2
Realme,Realme X7 Pro,28807,6.55,4,32.0,64.0,128.0,6.0,4500.0,1
Micromax,Micromax In 1b 64GB,9899,6.52,2,8.0,13.0,64.0,4.0,5000.0,1
Oppo,Oppo F11 Pro 128GB,17990,6.5,2,16.0,48.0,128.0,6.0,4000.0,2
Realme,Realme X2,16999,6.4,4,32.0,64.0,64.0,6.0,4000.0,3
Samsung,Samsung Galaxy J2 Pro,9700,5.0,1,5.0,8.0,16.0,2.0,2600.0,1
Tecno,Tecno Spark 6 Air,8500,7.0,3,8.0,13.0,32.0,2.0,6000.0,1
Vivo,Vivo X60 Pro+ 5G,69990,6.56,4,32.0,50.0,128.0,8.0,4400.0,2
Samsung,Samsung Galaxy J7 Duo 2018,12399,5.5,2,8.0,13.0,32.0,4.0,3000.0,1
OnePlus,OnePlus 5T 6GB,32999,6.01,2,16.0,16.0,64.0,6.0,3300.0,1
Lenovo,Lenovo K6 Note 4GB,7990,5.5,1,8.0,16.0,64.0,4.0,4000.0,1
Xiaomi,Xiaomi Mi 10 Pro,51150,6.67,4,20.0,108.0,256.0,8.0,4500.0,1
Vivo,Vivo Z1x,16990,,3,32.0,8.0,64.0,6.0,4500.0,2
Motorola,Motorola Moto G 5G 128GB,20999,6.7,3,16.0,48.0,128.0,6.0,5000.0,1
Apple,Apple iPhone 12 Pro,109900,6.1,4,12.0,12.0,128.0,6.0,,1
Samsung,Samsung Galaxy A20s,11999,6.5,3,8.0,13.0,64.0,4.0,4000.0,1
Redmi,Redmi Y1 64GB,12641,5.5,1,16.0,13.0,64.0,4.0,3080.0,1
Vivo,Vivo Y15 (2019),15990,6.35,3,16.0,8.0,64.0,4.0,5000.0,1
Asus,Asus Zenfone Max Pro M1 6GB,11499,5.99,2,16.0,16.0,64.0,6.0,5000.0,1
Nokia,Nokia 2 2018 (Nokia 2.1),5999,5.5,1,5.0,8.0,8.0,1.0,4000.0,1
Gionee,Gionee A1,17950,5.5,1,16.0,13.0,64.0,4.0,4010.0,2
Moto,Moto E7 Plus,9999,6.5,2,8.0,48.0,64.0,4.0,5000.0,1
Huawei,Huawei Y5 2019 32GB,8000,5.71,1,5.0,13.0,32.0,2.0,3020.0,1
Apple,Apple iPhone 7 Plus 256GB,52999,5.5,2,7.0,12.0,256.0,3.0,2900.0,1
Lenovo,Lenovo A7,8190,6.09,2,5.0,13.0,64.0,4.0,4000.0,1
BlackBerry,BlackBerry DTEK60,14999,5.5,1,8.0,21.0,32.0,4.0,3000.0,2
Xiaomi,Xiaomi Redmi Note 6 Pro 64GB,11490,6.26,2,20.0,12.0,64.0,6.0,4000.0,2
Asus,Asus 6z 256GB,34999,6.4,2,48.0,48.0,256.0,8.0,5000.0,1
Motorola,Motorola Moto Z Play,12000,5.5,1,5.0,16.0,32.0,3.0,3510.0,2
Realme,Realme XT 128GB,16999,6.4,4,16.0,64.0,128.0,6.0,4000.0,1
Oppo,Oppo F9 Pro,18264,6.3,2,25.0,16.0,128.0,6.0,3400.0,1
Poco,Poco X3 NFC,16999,6.67,4,20.0,64.0,64.0,6.0,5160.0,3
Karbonn,Karbonn K9 Viraat 4G,6197,5.5,1,5.0,8.0,8.0,1.0,2800.0,1
Realme,Realme X2 Pro 128GB,31900,6.5,4,16.0,64.0,128.0,8.0,4000.0,2
Lava,Lava BeU,6699,6.08,2,8.0,13.0,32.0,2.0,4060.0,1
Lenovo,Lenovo Z2 Plus 32GB,16000,5.0,1,8.0,13.0,32.0,3.0,3500.0,1
Apple,Apple iPhone SE (2020),42999,4.7,1,7.0,12.0,128.0,4.0,1821.0,1
Xiaomi,Xiaomi Redmi Note 4  64GB,10999,5.5,1,5.0,13.0,64.0,4.0,4100.0,1
Samsung,Samsung Galaxy S10 Lite,36999,6.7,3,32.0,48.0,128.0,6.0,4500.0,1
Lenovo,Lenovo Legion,89886,6.65,2,20.0,64.0,256.0,12.0,5000.0,1
Xiaomi,Xiaomi Redmi K20 64GB,19784,6.39,3,20.0,48.0,64.0,6.0,4000.0,2
Oppo,Oppo F1s 4GB RAM,18990,5.5,1,16.0,13.0,64.0,4.0,3075.0,1
Huawei,Huawei P20 Pro,59999,6.1,3,24.0,40.0,128.0,6.0,4000.0,2
OPPO,OPPO F7 64GB,22990,6.23,1,25.0,16.0,64.0,4.0,3400.0,1
HTC,HTC U11,36990,5.5,1,16.0,12.0,128.0,6.0,3000.0,1
Xiaomi,Xiaomi Redmi K30 Pro,31990,6.67,4,20.0,64.0,128.0,8.0,5000.0,2
Google,Google Pixel 3 128GB,58330,5.5,1,8.0,12.2,128.0,4.0,2915.0,1
Xiaomi,Xiaomi Mi 9 Pro 5G,37000,6.39,3,20.0,48.0,128.0,8.0,4000.0,2
Oppo,Oppo A37,8450,5.0,1,5.0,8.0,16.0,2.0,2630.0,1
Samsung,Samsung Galaxy S21 Ultra 5G,105999,6.8,4,40.0,108.0,128.0,12.0,5000.0,2
Samsung,Samsung Galaxy S9 128GB,31900,5.8,1,8.0,12.0,128.0,4.0,3000.0,3
Lava,Lava Z66,6877,6.08,2,13.0,13.0,32.0,3.0,3950.0,1
Realme,Realme 2 32GB,9990,6.2,2,8.0,13.0,32.0,3.0,4230.0,1
Xiaomi,Xiaomi Redmi 4A,5999,5.0,1,5.0,13.0,16.0,2.0,3120.0,1
Motorola,Motorola Moto G4,12499,5.5,1,5.0,13.0,16.0,2.0,3000.0,1
Samsung,Samsung Galaxy J2 Ace,7550,5.0,1,5.0,8.0,8.0,1.5,2600.0,1
Xiaomi,Xiaomi Redmi Note 7 Pro 128GB,16990,,2,13.0,48.0,128.0,6.0,4000.0,2
IQOO,IQOO Z1,23400,6.57,3,16.0,48.0,128.0,6.0,4500.0,2
Oppo,Oppo F1 Plus,24497,5.5,1,16.0,13.0,64.0,4.0,2850.0,1
Infinix,Infinix Hot 9,10499,6.6,3,8.0,13.0,128.0,4.0,5000.0,1
Nokia,Nokia 2.3,8499,6.2,2,5.0,13.0,32.0,2.0,4000.0,1
Samsung,Samsung Galaxy J7 Nxt,10800,5.5,1,5.0,13.0,32.0,3.0,3000.0,1
Micromax,Micromax Canvas 1,5499,5.0,1,5.0,8.0,16.0,2.0,2500.0,1
Micromax,Micromax Canvas 1,5499,5.0,1,5.0,8.0,16.0,2.0,2500.0,1
Infinix,Infinix Smart 3 Plus,7999,6.21,2,8.0,13.0,32.0,2.0,3500.0,1
Oppo,Oppo Reno4 Pro 256GB,40500,6.55,3,32.0,48.0,256.0,12.0,4000.0,1
Gionee,Gionee A1 Lite,6799,5.3,1,20.0,13.0,32.0,3.0,4000.0,1
Oppo,Oppo A9 2020 4GB,16990,6.5,4,16.0,48.0,128.0,4.0,5000.0,1
Motorola,Motorola Moto G4 Plus 32GB,9999,5.5,1,5.0,16.0,32.0,3.0,3000.0,1
Vivo,Vivo Y21,13990,4.5,1,2.0,5.0,16.0,1.0,1900.0,1
Vivo,Vivo Y71,9980,5.99,1,5.0,13.0,32.0,3.0,3360.0,1
Huawei,Huawei Mate 20 Pro,67490,6.39,3,24.0,40.0,64.0,6.0,4200.0,3
Huawei,Huawei Mate 20 Pro,67490,6.39,3,24.0,40.0,64.0,6.0,4200.0,3
Samsung,Samsung Galaxy A30,18000,6.4,2,16.0,16.0,32.0,3.0,4000.0,2
Huawei,Huawei Honor 9X 128GB,17990,6.59,3,16.0,48.0,128.0,4.0,4000.0,1
Samsung,Samsung Galaxy S9 Plus 256GB,41990,6.2,2,8.0,12.0,256.0,6.0,3500.0,2
Huawei,Huawei Honor 9N,10000,5.84,2,16.0,13.0,64.0,4.0,3000.0,1
Asus,Asus ROG Phone II 512GB,59999,6.59,2,24.0,48.0,512.0,12.0,6000.0,2
Apple,Apple iPhone 7 256GB,59990,4.7,1,7.0,12.0,256.0,2.0,1960.0,1
Apple,Apple iPhone 12 Pro Max 256 GB,129900,6.7,4,12.0,12.0,256.0,6.0,,1
Lenovo,Lenovo Tab V7,11998,6.95,1,5.0,13.0,64.0,4.0,5180.0,1
Samsung,Samsung Galaxy M20 64GB,11499,6.3,2,8.0,13.0,64.0,4.0,5000.0,1
HTC,HTC Desire 10 Pro,13890,5.5,1,13.0,20.0,64.0,4.0,3000.0,1
Xiaomi,Xiaomi Redmi 8A Dual,8990,6.22,2,8.0,13.0,32.0,2.0,5000.0,1
Pocophone,Pocophone F1 256GB,26999,6.18,2,20.0,12.0,256.0,8.0,4000.0,1
Samsung,Samsung Galaxy S9 256GB,65900,5.8,1,8.0,12.0,256.0,4.0,3000.0,3
Samsung,Samsung Galaxy J6,10599,5.6,1,8.0,13.0,32.0,3.0,3000.0,1
OnePlus,OnePlus 5T 8GB,37999,6.01,2,16.0,16.0,128.0,8.0,3300.0,1
Xiaomi,Xiaomi Redmi 5A,7480,5.0,1,5.0,13.0,32.0,3.0,3000.0,1
Nokia,Nokia 6.1 Plus,9349,5.5,1,8.0,16.0,64.0,4.0,3000.0,1
Vivo,Vivo V20 2021,24990,6.44,3,44.0,64.0,128.0,8.0,4000.0,2
Apple,Apple iPhone XS 512GB,69900,5.8,2,7.0,12.0,512.0,4.0,2658.0,1
Vivo,Vivo Y69,13990,5.5,1,16.0,13.0,32.0,3.0,3000.0,1
Samsung,Samsung Galaxy S8 Plus,35999,6.2,1,8.0,12.0,64.0,4.0,3500.0,1
Blackberry,Blackberry DTEK50,8786,5.2,1,8.0,13.0,16.0,3.0,2610.0,1
Nokia,Nokia 4.2,7999,5.7,2,8.0,13.0,16.0,2.0,3000.0,1
Nokia,Nokia 8.3 5G 128GB,48000,6.81,4,24.0,64.0,,6.0,4500.0,1
Itel,Itel Wish A41 Plus,4350,5.0,1,5.0,5.0,16.0,2.0,2400.0,1
Micromax,Micromax iOne,5999,5.45,1,5.0,5.0,16.0,2.0,2200.0,1
Huawei,Huawei Honor View 10,15899,5.99,2,13.0,16.0,128.0,6.0,3750.0,1
Xiaomi,Xiaomi Redmi 6 Pro 64GB,12499,5.84,2,5.0,12.0,64.0,4.0,4000.0,2
Oppo,Oppo Find X2 Pro,69990,6.7,3,32.0,48.0,512.0,12.0,4260.0,2
Nokia,Nokia 5.1 Plus (Nokia X5),9490,5.86,2,8.0,13.0,32.0,3.0,3060.0,1
Tecno,Tecno Camon iSky 2,5050,5.5,1,13.0,13.0,16.0,2.0,3050.0,1
Samsung,Samsung Galaxy M10s,8999,6.4,2,8.0,13.0,32.0,3.0,4000.0,1
Vivo,Vivo V5 Plus,17990,5.5,1,8.0,16.0,64.0,4.0,3160.0,1
LG,LG V60 THINQ,79990,6.8,3,10.0,64.0,128.0,8.0,5000.0,2
Vivo,Vivo V5,17000,5.5,1,20.0,13.0,32.0,4.0,3000.0,1
Huawei,Huawei Honor 7S,4990,5.45,1,5.0,13.0,16.0,2.0,3020.0,1
Xiaomi,Xiaomi Mi Mix 2,32504,5.99,1,5.0,12.0,128.0,6.0,3400.0,1
Lenovo,Lenovo P2,9049,5.5,1,5.0,13.0,32.0,3.0,5100.0,2
Microsoft,Microsoft Lumia 550,4999,4.7,1,2.0,5.0,8.0,1.0,2100.0,1
Xiaomi,Xiaomi Redmi K30 Pro 256GB,31990,6.67,4,20.0,64.0,256.0,12.0,5000.0,2
Realme,Realme U1,15499,6.3,2,25.0,13.0,64.0,4.0,3500.0,2
LG,LG G6 64GB,23990,5.7,2,5.0,13.0,64.0,,3300.0,1
Lenovo,Lenovo Vibe K5 Note 4GB,8980,5.5,1,8.0,13.0,32.0,4.0,3500.0,1
Nubia,Nubia M2,12999,5.5,2,16.0,13.0,,4.0,3630.0,2
Xiaomi,Xiaomi Mi 9T Pro,25800,6.39,3,20.0,48.0,64.0,6.0,4000.0,2
Tecno,Tecno Camon 12 Air,19999,6.55,3,8.0,16.0,64.0,4.0,4000.0,2
Realme,Realme X50 Pro 5G,41999,6.44,4,32.0,64.0,256.0,12.0,4200.0,2
Oppo,Oppo Find X2 256GB,57990,6.7,3,32.0,48.0,256.0,12.0,4200.0,2
Micromax,Micromax Bharat 5 Pro,5199,5.2,1,5.0,13.0,32.0,3.0,5000.0,1
Samsung,Samsung Galaxy J8 2018,15890,6.0,2,16.0,16.0,64.0,4.0,3500.0,1
LG,LG K10 LTE,9990,5.3,1,5.0,13.0,16.0,2.0,2300.0,1
Nokia,Nokia 3.1 (Nokia 3 2018),5167,5.2,1,8.0,13.0,16.0,2.0,2990.0,1
Oppo,Oppo A7,14999,6.2,2,16.0,13.0,32.0,3.0,4230.0,1
Samsung,Samsung Galaxy A9 Pro 2019,14975,6.4,3,24.0,24.0,128.0,6.0,3400.0,1
OPPO,OPPO F3,17000,5.5,1,8.0,13.0,64.0,4.0,3200.0,1
Unihertz,Unihertz Jelly Pro,44180,2.45,1,2.0,8.0,16.0,2.0,950.0,1
Huawei,Huawei Honor 8 Pro,24990,5.7,2,8.0,12.0,128.0,6.0,4000.0,2
Huawei,Huawei Honor 8 Pro,24990,5.7,2,8.0,12.0,128.0,6.0,4000.0,2
Samsung,Samsung Galaxy J6 64GB,9490,5.6,1,8.0,13.0,64.0,4.0,3000.0,1
Vivo,Vivo V3,17980,5.0,1,8.0,13.0,32.0,3.0,2550.0,1
Samsung,Samsung Galaxy A8 2018 64GB,29900,5.6,1,16.0,16.0,64.0,4.0,3000.0,1
10.or,10.or G 3GB,5999,5.5,2,16.0,13.0,32.0,3.0,4000.0,1
Realme,Realme 2 Pro 128GB,17999,6.3,2,16.0,16.0,128.0,8.0,3500.0,2
Honor,Honor Play 4T,12990,6.39,2,8.0,48.0,128.0,6.0,4000.0,1
Infinix,Infinix Hot 7,9999,6.19,2,13.0,13.0,64.0,4.0,4000.0,1
Huawei,Huawei Honor 9x Pro 256GB,24000,6.59,3,16.0,48.0,256.0,8.0,4000.0,1
Nokia,Nokia 2,4990,5.0,1,5.0,8.0,8.0,1.0,4100.0,1
OnePlus,OnePlus 7 256GB,30999,6.4,2,16.0,48.0,256.0,8.0,3700.0,2
Razer,Razer Phone,54990,5.7,2,8.0,12.0,64.0,8.0,4000.0,1
Gionee,Gionee S10 Lite,7190,5.2,1,16.0,13.0,32.0,4.0,3100.0,1
Nokia,Nokia 7.2,15500,6.3,3,20.0,48.0,64.0,4.0,3500.0,2
Nokia,Nokia 8.3 5G,48000,6.81,4,24.0,64.0,128.0,8.0,4500.0,1
Realme,Realme C15 Qualcomm Edition,11999,6.5,4,8.0,13.0,32.0,3.0,6000.0,1
Vivo,Vivo Y21L,7400,4.5,1,2.0,5.0,16.0,1.0,2000.0,1
Oppo,Oppo Find X2 128GB,60000,6.7,3,32.0,48.0,128.0,8.0,4200.0,2
Tecno,Tecno Camon iAce 2,8250,5.5,2,8.0,13.0,32.0,2.0,3050.0,1
Xiaomi,Xiaomi Redmi 4X 64GB,6800,5.0,1,5.0,13.0,64.0,,4100.0,1
Samsung,Samsung Galaxy S10e,50999,5.8,2,10.0,12.0,128.0,6.0,3100.0,2
Xiaomi,Xiaomi Redmi Note 4 32GB,8990,5.5,1,5.0,13.0,32.0,,4100.0,1
Vivo,Vivo Y71 16GB,5999,5.99,1,5.0,13.0,16.0,3.0,3360.0,1
Lephone,Lephone W2,4819,4.5,1,0.3,2.0,8.0,1.0,,1
Samsung,Samsung Galaxy C9 Pro,27990,6.0,1,16.0,16.0,64.0,6.0,4000.0,3
LG,LG G6,24999,5.7,2,5.0,13.0,,,3300.0,1
Xiaomi,Xiaomi Mi Max 2 64GB,14990,6.44,1,5.0,12.0,64.0,4.0,5300.0,1
Samsung,Samsung galaxy S21+ 5g,69999,6.7,3,10.0,12.0,128.0,8.0,4800.0,1
OPPO,OPPO F7 Youth 64GB,31990,6.0,1,8.0,13.0,64.0,6.0,3410.0,1
Oppo,Oppo Find X 256GB,60990,6.42,2,25.0,16.0,256.0,8.0,3730.0,1
LG,LG V20,29199,5.7,2,5.0,16.0,64.0,4.0,3200.0,1
Samsung,Samsung Galaxy J4 2018,7985,5.5,1,5.0,13.0,16.0,2.0,3000.0,1
Google,Google Pixel 3a XL,34999,6.0,1,8.0,12.2,64.0,4.0,3700.0,1
Samsung,Samsung Galaxy Fold,173999,7.3,3,10.0,16.0,512.0,12.0,4380.0,1
Huawei,Huawei Honor 7X,11750,5.93,2,8.0,16.0,32.0,4.0,3340.0,1
vivo,vivo X50 256GB,37990,6.56,4,32.0,48.0,256.0,8.0,4200.0,2
Samsung,Samsung Galaxy Grand Prime Plus,10990,5.0,1,5.0,8.0,8.0,1.5,2600.0,1
LG,LG G5,12990,5.3,1,8.0,16.0,32.0,4.0,2800.0,1
Sony,Sony Xperia XZ1 Compact,11999,4.6,1,8.0,8.0,32.0,4.0,2800.0,1
Black,Black Shark 2 256GB,42499,6.39,2,20.0,48.0,256.0,12.0,4000.0,2
Vivo,Vivo Y81,7994,6.2,1,5.0,13.0,32.0,3.0,3260.0,1
LG,LG W31,10990,6.52,3,8.0,13.0,64.0,4.0,4000.0,1
Samsung,Samsung Galaxy J7 Prime 32GB,11990,5.5,1,8.0,13.0,32.0,3.0,3300.0,1
Tecno,Tecno Phantom 9,12999,6.4,3,32.0,16.0,128.0,6.0,3500.0,1
Samsung,Samsung Galaxy C7 Pro,17999,5.7,1,16.0,16.0,64.0,4.0,3300.0,2
Xiaomi,Xiaomi Redmi 5,6890,5.7,1,5.0,12.0,16.0,2.0,3300.0,1
Oppo,Oppo F5,16099,6.0,1,20.0,16.0,,,3200.0,1
Vivo,Vivo V5 Plus IPL Limited Edition,27890,5.5,1,8.0,16.0,64.0,4.0,3160.0,2
Coolpad,Coolpad Max A8,13999,5.5,1,5.0,13.0,64.0,4.0,2800.0,1
Oppo,Oppo Find X2,60000,6.7,3,32.0,48.0,256.0,8.0,4200.0,2
Infocus,Infocus Vision 3,5859,5.7,2,8.0,13.0,16.0,2.0,4000.0,1
Nokia,Nokia 8,18999,5.3,2,13.0,13.0,64.0,4.0,3090.0,2
Realme,Realme 5 Pro 128GB,17990,6.3,4,16.0,48.0,128.0,8.0,4035.0,1
Honor,Honor 9S,6499,5.45,1,5.0,8.0,32.0,2.0,3020.0,1
Micromax,Micromax iOne Note,6600,6.09,2,5.0,13.0,32.0,3.0,3950.0,1
Obi,Obi Worldphone SF1,5900,5.0,1,5.0,13.0,,,3000.0,1
Xiaomi,Xiaomi Redmi 6,7990,5.45,2,5.0,12.0,32.0,3.0,3000.0,1
Samsung,Samsung Galaxy J2 Core,6200,5.0,1,5.0,8.0,8.0,1.0,2600.0,1
Micromax,Micromax Yu Ace 16GB,4999,5.45,1,5.0,13.0,16.0,2.0,4000.0,1
Vivo,Vivo Y93,16500,6.2,2,8.0,13.0,64.0,4.0,4030.0,1
Huawei,Huawei Honor 7C,9149,5.99,2,8.0,13.0,64.0,4.0,3000.0,1
Caterpillar,Caterpillar CAT S60,38700,4.7,1,5.0,13.0,32.0,3.0,3800.0,1
Samsung,Samsung Galaxy Note 9 512GB,46990,6.4,2,8.0,12.0,512.0,8.0,4000.0,2
HTC,HTC Desire 728 Dual SIM,4499,5.5,1,5.0,13.0,16.0,2.0,2800.0,1
10.or,10.or G 4GB,6999,5.5,2,16.0,13.0,64.0,4.0,4000.0,1
Vivo,Vivo U20 6GB,12690,6.53,3,16.0,16.0,64.0,6.0,5000.0,1
Infinix,Infinix Smart HD 2021,6499,6.1,2,5.0,8.0,32.0,2.0,5000.0,1
Huawei,Huawei Honor 8,20246,5.2,2,8.0,12.0,32.0,4.0,3000.0,1
Realme,Realme U1 32GB,9999,6.3,2,25.0,13.0,32.0,3.0,3500.0,1
Vivo,Vivo X30,33000,6.5,3,32.0,64.0,128.0,8.0,4350.0,1
Samsung,Samsung Galaxy S10 512GB,49800,6.1,3,10.0,12.0,512.0,8.0,3400.0,2
Xiaomi,Xiaomi  Redmi Note 8,12999,6.39,4,13.0,48.0,64.0,4.0,4000.0,2
Nokia,Nokia 3,5890,5.0,1,8.0,8.0,16.0,2.0,2630.0,1
Xiaomi,Xiaomi Redmi 5A,5899,5.0,1,5.0,13.0,16.0,2.0,3000.0,1
Xiaomi,Xiaomi Redmi 6 64GB,7199,5.45,2,5.0,12.0,64.0,3.0,3000.0,1
Samsung,Samsung Galaxy A8 Star,26490,6.3,2,24.0,24.0,64.0,4.0,3700.0,1
Moto,Moto C Plus,5990,5.0,1,2.0,8.0,16.0,2.0,4000.0,1
Itel,Itel S42,6500,5.65,1,13.0,13.0,16.0,3.0,3000.0,1
Huawei,Huawei Honor 9i,12999,5.9,2,13.0,16.0,64.0,4.0,3340.0,2
Itel,Itel A44 Air 8GB,4999,5.45,2,,5.0,8.0,1.0,2400.0,1
Samsung,Samsung Galaxy J2 Pro 2017,6899,5.0,1,5.0,8.0,16.0,2.0,2600.0,1
Vivo,Vivo Y79,22990,5.99,1,24.0,16.0,64.0,4.0,3225.0,2
Tecno,Tecno i3 Pro,8717,5.0,1,8.0,8.0,16.0,3.0,3050.0,1
Redmi,Redmi Y1 32 GB,7999,5.5,1,16.0,13.0,32.0,3.0,3080.0,1
Karbonn,Karbonn K5000 Mahaabali,1549,1.8,1,,1.3,,,5000.0,1
Google,Google Pixel 4 XL,47000,6.3,2,8.0,12.2,128.0,6.0,3700.0,1
Oppo,Oppo A7 64GB,9990,6.2,2,16.0,13.0,64.0,4.0,4230.0,1
Sony,Sony Xperia XZs,29990,5.2,1,13.0,19.0,,4.0,2900.0,1
Coolpad,Coolpad Mega 3,9279,5.5,1,8.0,8.0,16.0,2.0,3050.0,1
Lenovo,Lenovo K8 Plus,7347,5.2,2,8.0,13.0,32.0,3.0,4000.0,1
Samsung,Samsung Galaxy A9 2018 (Samsung Galaxy A9s),21000,6.3,4,24.0,24.0,128.0,6.0,3800.0,1
Gionee,Gionee F103 Pro,8750,5.0,1,5.0,13.0,16.0,3.0,2400.0,1
Xiaomi,Xiaomi Redmi Y3,9950,6.26,2,32.0,12.0,32.0,3.0,4000.0,1
InFocus,InFocus Bingo 10,4500,4.5,1,5.0,5.0,8.0,1.0,2000.0,1
RealMe,RealMe 1,10490,6.0,1,8.0,13.0,32.0,3.0,3410.0,1
Vivo,Vivo V7,19670,5.7,1,24.0,16.0,32.0,4.0,3000.0,1
Micromax,Micromax Vdeo 1,4499,4.0,1,2.0,5.0,8.0,1.0,1600.0,1
OnePlus,OnePlus 7 Pro 256GB,42995,6.7,3,16.0,48.0,256.0,8.0,4000.0,2
Itel,Itel A44 Power,4699,5.45,2,2.0,5.0,8.0,1.0,4000.0,1
Tecno,Tecno Camon iAce 2X,7299,5.5,2,8.0,13.0,32.0,3.0,3050.0,1
Lenovo,Lenovo K8 Note,7997,5.5,2,13.0,13.0,32.0,3.0,4000.0,1
Moto,Moto Z2 Play,27999,5.5,1,5.0,12.0,,,3000.0,1
Huawei,Huawei Y9 Prime 2019 128GB,14999,6.59,3,16.0,16.0,128.0,4.0,4000.0,1
Xiaomi,Xiaomi Redmi 8A,7945,6.2,1,8.0,12.0,32.0,2.0,5000.0,1
HTC,HTC Desire 628 Dual SIM,7999,5.0,1,5.0,13.0,32.0,3.0,2200.0,1
Vivo,Vivo Y53,9990,5.0,1,5.0,8.0,16.0,2.0,2500.0,1
Tecno,Tecno Camon iClick 2,8550,6.0,1,20.0,16.0,64.0,4.0,3750.0,1
Oppo,Oppo A55 5G,17490,6.51,3,16.0,50.0,128.0,6.0,5000.0,1
Micromax,Micromax Bharat 2 Plus,3418,4.0,1,2.0,5.0,8.0,1.0,1600.0,1
Xiaomi,Xiaomi Redmi 8A Dual 32GB 3GB RAM,7499,6.22,2,8.0,13.0,32.0,3.0,5000.0,1
Nokia,Nokia 8.1 128GB,21250,6.18,2,20.0,12.0,128.0,6.0,3500.0,1
Nokia,Nokia 6,13999,5.5,1,8.0,16.0,32.0,3.0,3000.0,1
Asus,Asus ZenFone 5Z (ZS620KL) 256GB,21999,6.2,2,8.0,12.0,256.0,8.0,3300.0,1
Moto,Moto E7 Power,6999,6.51,2,5.0,13.0,32.0,2.0,5000.0,1
Oppo,Oppo A71,7999,5.2,1,5.0,13.0,16.0,3.0,3000.0,1
Samsung,Samsung Galaxy J4 Plus,9499,6.0,1,5.0,13.0,16.0,2.0,3300.0,1
Tecno,Tecno Spark Power,11999,6.3,3,13.0,13.0,64.0,4.0,6000.0,1
Xiaomi,Xiaomi Mi Max,8490,6.44,1,5.0,16.0,,,4850.0,1
Coolpad,Coolpad Cool 1,7499,5.5,2,8.0,13.0,,,4060.0,1
Google,Google Pixel 3 XL 128GB,51999,6.3,1,8.0,12.2,128.0,4.0,3430.0,1
Asus,Asus ZenFone 3 Ultra ZU680KL,19999,6.8,1,8.0,23.0,64.0,4.0,4600.0,3
Google,Google Pixel 3 XL 128GB,51999,6.3,1,8.0,12.2,128.0,4.0,3430.0,1
Asus,Asus ZenFone 3 Ultra ZU680KL,19999,6.8,1,8.0,23.0,64.0,4.0,4600.0,3
Huawei,Huawei Honor 20i,12999,6.21,3,32.0,24.0,64.0,6.0,3400.0,1
Nokia,Nokia 7.1,11199,5.84,2,8.0,12.0,32.0,3.0,3060.0,1
Vivo,Vivo Y66,8999,5.5,1,16.0,13.0,32.0,3.0,3000.0,1
Google,Google Pixel 2 XL 128GB,32000,6.0,1,8.0,12.2,128.0,4.0,3520.0,1
Xiaomi,Xiaomi Mi 9,32000,6.39,3,20.0,48.0,128.0,6.0,3300.0,1
Xiaomi,Xiaomi Redmi 7,7089,6.26,2,8.0,12.0,32.0,2.0,4000.0,1
Vivo,Vivo X21,20490,6.28,2,12.0,12.0,64.0,6.0,3200.0,1
Nubia,Nubia M2 Lite,6499,5.5,1,16.0,13.0,32.0,4.0,3000.0,1
Samsung,Samsung Galaxy A6 64GB,15067,5.6,1,16.0,16.0,64.0,4.0,3000.0,1
Lava,Lava Z61 pro,5377,5.45,1,5.0,8.0,16.0,2.0,3100.0,1
Samsung,Samsung Z4,4999,4.5,1,5.0,5.0,8.0,1.0,2050.0,1
Xiaomi,Xiaomi Redmi 6A 32GB,8290,5.45,1,5.0,13.0,32.0,2.0,3000.0,1
Fox,Fox Mobiles Mini 1,1499,0.94,1,,,,,320.0,1
Lenovo,Lenovo Vibe K5,5999,5.0,1,5.0,13.0,16.0,2.0,2750.0,1
Motorola,Motorola Moto G6 Plus,11349,5.9,2,8.0,12.0,64.0,4.0,3200.0,1
Motorola,Motorola Edge+,49999,6.7,3,25.0,108.0,256.0,12.0,5000.0,2
Xiaomi,Xiaomi Mi Note 10 Lite,24999,6.47,5,16.0,64.0,128.0,4.0,5260.0,2
LG,LG W41+,14490,6.55,4,8.0,48.0,128.0,4.0,5000.0,2
Samsung,Samsung Galaxy J5 2016,9990,5.2,1,5.0,13.0,16.0,2.0,3100.0,1
Nokia,Nokia 5,5199,5.2,1,8.0,13.0,16.0,2.0,3000.0,1
Samsung,Samsung Galaxy J6 Plus,11515,6.0,2,8.0,13.0,32.0,3.0,3300.0,1
Oppo,Oppo F1,15290,5.0,1,8.0,13.0,16.0,3.0,2500.0,1
Vivo,Vivo V3 Max,17979,5.5,1,8.0,13.0,32.0,4.0,3000.0,1
Swipe,Swipe Elite 4G,3790,5.0,1,5.0,8.0,8.0,1.0,2500.0,1
Xiaomi,Xiaomi Redmi K20 Pro Premium 512GB,28999,6.39,3,20.0,48.0,512.0,8.0,4000.0,2
Samsung,Samsung Galaxy J7 Prime 2,13999,5.5,1,13.0,13.0,32.0,3.0,3300.0,1
Xiaomi,Xiaomi Redmi 9C,7590,6.53,3,5.0,13.0,64.0,3.0,5000.0,1
Motorola,Motorola Moto G6,9799,5.7,2,8.0,12.0,32.0,3.0,3000.0,1
Lenovo,Lenovo Z6 Pro 512GB,10000,6.39,4,32.0,48.0,512.0,12.0,4000.0,1
Lyf,Lyf C451,3317,4.5,1,2.0,5.0,8.0,1.0,2800.0,1
Huawei,Huawei P40 Lite E,13000,6.39,3,8.0,48.0,64.0,4.0,4000.0,2
Huawei,Huawei Mate 30 Pro 5G,99999,6.53,4,32.0,40.0,128.0,8.0,4500.0,2
Motorola,Motorola One Power,18999,6.2,2,12.0,16.0,32.0,3.0,5000.0,1
Samsung,Samsung Galaxy A5 2017,16990,5.2,1,16.0,16.0,32.0,3.0,3000.0,1
Samsung,Samsung Galaxy J5 Prime 32GB,13500,5.0,1,5.0,13.0,32.0,2.0,2400.0,1
Acer,Acer Liquid Z6E,905,5.0,1,2.0,5.0,8.0,1.0,2000.0,1
Meizu,Meizu C9 16GB,3633,5.45,1,8.0,13.0,16.0,2.0,3000.0,1
Gionee,Gionee Pioneer P5 Mini,3490,4.5,1,2.0,5.0,8.0,1.0,1850.0,1
Yu,Yu Yunique Plus,6999,4.7,1,2.0,8.0,8.0,2.0,2000.0,1
Vivo,Vivo Y3s,13200,6.35,2,8.0,13.0,128.0,4.0,5000.0,2
Asus,Asus Zenfone 3 Max ZC520TL,12999,5.2,1,5.0,13.0,32.0,3.0,4100.0,1
LG,LG Q7,8990,5.5,1,8.0,13.0,32.0,3.0,3000.0,1
Apple,Apple iPhone 12 Pro 256GB,109900,6.1,4,12.0,12.0,256.0,6.0,2815.0,1
Samsung,Samsung Galaxy On5 Pro,7990,5.0,1,5.0,8.0,16.0,2.0,2600.0,1
Samsung,Samsung Galaxy Z Fold2 5G,134999,7.6,3,10.0,12.0,512.0,12.0,4500.0,1
Samsung,Samsung Galaxy J3 Pro,8490,5.0,1,5.0,8.0,16.0,2.0,2600.0,1
Huawei,Huawei Honor 9N 32GB,9499,5.84,2,16.0,13.0,32.0,3.0,3000.0,1
Google,Google Pixel 2,16990,5.0,1,8.0,12.2,,4.0,2700.0,1
OnePlus,OnePlus 6T McLaren Edition,44999,6.41,2,16.0,16.0,256.0,10.0,3700.0,2
Nokia,Nokia 7.2 6GB,19599,6.3,3,20.0,48.0,64.0,6.0,3500.0,1
Panasonic,Panasonic Eluga Ray X,8999,5.5,1,5.0,13.0,32.0,3.0,4000.0,1
Josh,Josh Bullet,749,2.4,1,,1.3,,,2500.0,1
Samsung,Samsung Galaxy A5 2017 64GB,21990,5.2,1,16.0,16.0,64.0,3.0,3000.0,1
Lenovo,Lenovo Phab 2 Plus,13999,6.4,1,8.0,,32.0,3.0,4050.0,1
Lenovo,Lenovo Z2 Plus 64GB,10500,5.0,1,8.0,13.0,64.0,4.0,3500.0,1
10.or,10.or G2 6GB,15706,6.18,2,12.0,16.0,64.0,6.0,5000.0,1
Lenovo,Lenovo Z6 Pro 5G 512GB,79000,6.39,4,32.0,48.0,512.0,12.0,4000.0,1
Xiaomi,Xiaomi Mi 10T 5G 128GB,21694,6.67,3,20.0,64.0,128.0,6.0,5000.0,1
Panasonic,Panasonic Eluga A4,4890,5.2,1,5.0,13.0,32.0,3.0,5000.0,1
Itel,Itel A44 Pro,6499,5.45,1,8.0,8.0,16.0,2.0,2400.0,1
Vivo,Vivo NEX 3 5G 256GB,59999,6.89,3,16.0,64.0,256.0,8.0,4500.0,1
Oppo,Oppo A9,14499,6.53,2,16.0,16.0,128.0,6.0,4020.0,1
Lenovo,Lenovo ZUK Z1,7999,5.5,1,8.0,13.0,64.0,3.0,4100.0,1
Samsung,Samsung Galaxy A7 2018 128GB,22990,6.0,3,24.0,24.0,128.0,6.0,3300.0,2
Vivo,Vivo Y95,14134,6.22,2,20.0,13.0,64.0,4.0,4030.0,1
LG,LG W10,6499,6.19,2,8.0,13.0,32.0,3.0,4000.0,1
Huawei,Huawei Honor 9 Lite 64GB,9490,5.65,2,13.0,13.0,64.0,4.0,3000.0,1
Realme,Realme X7 Pro 256GB,28807,6.55,4,32.0,64.0,256.0,8.0,4500.0,1
Panasonic,Panasonic Eluga Ray 800,9990,5.5,1,8.0,13.0,64.0,4.0,4000.0,1
Oppo,Oppo R17 Pro,21990,6.4,3,25.0,12.0,128.0,8.0,3700.0,2
Itel,Itel A44,5400,5.45,1,5.0,5.0,8.0,1.0,2400.0,1
Oppo,Oppo F5 Youth,6490,6.0,1,16.0,13.0,32.0,3.0,3200.0,1
Samsung,Samsung Galaxy A30 64GB,15192,6.4,2,16.0,16.0,64.0,4.0,4000.0,2
VIVO,VIVO NEX 3S 5G,50000,6.89,3,16.0,64.0,256.0,8.0,4500.0,1
Huawei,Huawei Honor 7A,8599,5.7,2,8.0,13.0,32.0,3.0,3000.0,1
Moto,Moto Z2 Play 64GB,10499,5.5,1,5.0,12.0,64.0,,3000.0,1
Samsung,Samsung Galaxy On NXT,12460,5.5,1,8.0,13.0,32.0,3.0,3300.0,1
Xiaomi,Xiaomi Redmi K30,20100,,4,20.0,64.0,64.0,6.0,4500.0,3
Nextbit,Nextbit Robin,16999,5.2,1,5.0,13.0,32.0,3.0,2680.0,1
Google,Google Pixel 128GB,57000,5.0,1,8.0,12.0,128.0,4.0,2770.0,1
InFocus,InFocus M370i,8200,5.0,1,2.0,8.0,8.0,1.0,2230.0,1
Samsung,Samsung Galaxy Z Flip,74999,6.7,2,10.0,12.0,256.0,8.0,3300.0,1
Oppo,Oppo A5,9999,6.2,2,8.0,13.0,64.0,4.0,4230.0,1
Obi,Obi Worldphone SF1 32GB,11999,5.0,1,5.0,13.0,32.0,,3000.0,1
Apple,Apple iPhone 8 256GB,43598,4.7,1,7.0,12.0,256.0,2.0,1821.0,1
Lava,Lava Z50,4999,4.5,1,5.0,5.0,8.0,1.0,,1
Realme,Realme Narzo 20A 32GB,9685,6.5,3,8.0,12.0,32.0,3.0,5000.0,1
Samsung,Samsung Galaxy J1 4G 2016,6890,4.5,1,2.0,5.0,8.0,1.0,2050.0,1
Xiaomi,Xiaomi Redmi 4 4GB,10999,5.0,1,5.0,13.0,64.0,4.0,4100.0,1
LG,LG V40 ThinQ,33999,6.4,3,8.0,12.0,128.0,6.0,3300.0,1
Huawei,Huawei Honor Play,11999,6.3,2,16.0,16.0,64.0,4.0,3750.0,2
Nokia,Nokia 3.2,10000,6.26,1,5.0,13.0,16.0,2.0,4000.0,1
i,i Smart I1,4850,5.0,1,2.0,5.0,8.0,1.0,2200.0,1
Itel,Itel it1518,7640,5.0,1,5.0,8.0,8.0,2.0,2500.0,1
Coolpad,Coolpad Mega 5,4349,5.7,2,5.0,13.0,32.0,3.0,3000.0,1
Lephone,Lephone W7,4105,5.0,1,2.0,5.0,8.0,1.0,,1
Redmi,Redmi 4 3GB,7990,5.0,1,5.0,13.0,32.0,3.0,4100.0,1
LG,LG G7 Plus ThinQ,29999,6.1,2,8.0,16.0,128.0,6.0,3000.0,1
Lava,Lava Z25,7499,5.5,1,8.0,13.0,32.0,4.0,3020.0,1
Asus,Asus ZenFone Max M2,12990,6.3,2,8.0,13.0,32.0,3.0,4000.0,1
Nokia,Nokia 5 2018 (Nokia 5.1),7999,5.5,1,8.0,16.0,16.0,2.0,3000.0,1
Vivo,Vivo NEX,29990,6.59,2,8.0,12.0,128.0,8.0,4000.0,1
Oppo,Oppo A53s,14990,6.5,3,8.0,13.0,128.0,4.0,5000.0,1
Huawei,Huawei P30 Lite 128GB,17990,6.15,3,32.0,24.0,128.0,4.0,3340.0,1
Infocus,Infocus A1 M500,3999,5.0,1,5.0,5.0,8.0,1.0,2450.0,1
Lava,Lava Z81,7399,5.7,1,13.0,13.0,32.0,2.0,3000.0,1
Vivo,Vivo V11,24990,6.3,2,25.0,16.0,64.0,6.0,3315.0,1
Lava,Lava Captain N1,1900,1.8,1,,0.3,,,800.0,1
Xolo,Xolo Era 5X,5699,5.7,1,13.0,13.0,32.0,3.0,3000.0,1
Blu,Blu Vivo 8,19200,5.5,1,16.0,13.0,64.0,4.0,4010.0,2
OnePlus,OnePlus 6T 256GB,31999,6.41,2,16.0,16.0,256.0,8.0,3700.0,1
Mi,Mi Note 10,31467,6.47,4,32.0,108.0,256.0,8.0,5260.0,2
Sony,Sony Xperia XA2 Ultra 64GB,74164,6.0,1,16.0,23.0,64.0,4.0,3580.0,1
LG,LG K7 LTE,4950,5.0,1,5.0,5.0,8.0,1.5,2125.0,1
Sony,Sony Xperia XA,7999,5.0,1,8.0,13.0,16.0,2.0,2300.0,1
Google,Google Pixel XL,40000,5.5,1,8.0,12.0,,4.0,3450.0,1
Oppo,Oppo Reno 256GB,39200,6.4,2,16.0,48.0,256.0,6.0,4000.0,2
Vivo,Vivo V9 Pro,18790,6.3,2,16.0,13.0,64.0,6.0,3260.0,1
Hauwei,Hauwei Honor 20,22999,6.26,4,32.0,48.0,128.0,6.0,3750.0,1
Samsung,Samsung Galaxy On7 Prime,14990,5.5,1,13.0,13.0,32.0,3.0,3300.0,1
Samsung,Samsung Galaxy A6 Plus 64GB,19900,6.0,2,24.0,16.0,64.0,4.0,3500.0,2
Motorola,Motorola Moto Z 64GB,16799,5.5,1,5.0,13.0,64.0,4.0,2600.0,1
Oppo,Oppo Reno 3 Pro,29990,6.4,4,44.0,64.0,128.0,8.0,4025.0,2
Nokia,Nokia 4.2 32GB,7990,5.7,2,8.0,13.0,32.0,3.0,3000.0,1
Xiaomi,Xiaomi Redmi Note 7 6GB,11999,6.3,2,13.0,12.0,64.0,6.0,4000.0,2
Lava,Lava Z60,6550,5.0,1,5.0,5.0,16.0,1.0,2500.0,1
Nokia,Nokia 150,1500,2.4,1,,0.3,,,1020.0,1
Samsung,Samsung Galaxy A9 2018 128GB (Samsung Galaxy A9s),39990,6.3,4,24.0,24.0,128.0,8.0,3800.0,1
Xiaomi,Xiaomi Mi 9T Pro 128GB,28000,6.39,3,20.0,48.0,128.0,6.0,4000.0,2
Oppo,Oppo K1,15000,6.4,2,25.0,16.0,64.0,4.0,3500.0,2
HTC,HTC 10,38800,5.2,1,5.0,12.0,32.0,4.0,3000.0,1
Yu,Yu Yureka Black,5799,5.0,1,8.0,13.0,32.0,4.0,3000.0,1
Lenovo,Lenovo K9 Note,6749,6.0,2,8.0,16.0,32.0,3.0,3760.0,1
Nokia,Nokia 216 Dual SIM,2450,2.4,1,0.3,0.3,,,1020.0,1
Motorola,Motorola Moto G7,9999,6.2,2,8.0,12.0,64.0,4.0,3000.0,1
Coolpad,Coolpad Note 3 Lite,9500,5.0,1,5.0,13.0,16.0,3.0,2500.0,1
Gionee,Gionee A1 Plus,23799,6.0,2,20.0,13.0,64.0,4.0,4550.0,2
Samsung,Samsung Galaxy On Max,19900,,1,13.0,13.0,32.0,4.0,3300.0,1
Asus,Asus Zenfone Max Pro M1 64GB,9999,6.0,2,8.0,13.0,64.0,4.0,5000.0,1
Huawei,Huawei Honor 10 Lite,14999,6.21,2,24.0,13.0,64.0,4.0,3400.0,1
Panasonic,Panasonic Eluga A2,7500,5.0,1,5.0,8.0,16.0,3.0,4000.0,1
Coolpad,Coolpad Mega 5C,4395,5.45,1,5.0,5.0,16.0,1.0,2500.0,1
Xiaomi,Xiaomi Redmi 4X,6800,5.0,1,5.0,13.0,16.0,2.0,4100.0,1
LG,LG W30,10573,6.26,3,16.0,12.0,32.0,3.0,4000.0,1
Honor,Honor 8C,10199,6.26,2,8.0,13.0,32.0,4.0,4000.0,1
Realme,Realme 5 Pro (Realme Q),15999,6.3,4,16.0,48.0,64.0,4.0,4035.0,2
Black,Black Shark 128GB,20000,5.99,2,20.0,12.0,128.0,8.0,4000.0,1
Huawei,Huawei Honor 9x Pro,17999,6.59,3,16.0,48.0,64.0,8.0,4000.0,1
Nuu,Nuu Q626,3999,5.0,1,5.0,8.0,32.0,2.0,,1
Coolpad,Coolpad Cool 5,8990,6.22,2,16.0,13.0,64.0,4.0,4000.0,1
Samsung,Samsung Galaxy J7 Nxt,10340,5.5,1,5.0,13.0,16.0,2.0,3000.0,1
Xiaomi,Xiaomi Mi Max Prime,10990,6.44,1,5.0,16.0,128.0,4.0,4850.0,2
Vivo,Vivo V15,23990,6.53,3,32.0,12.0,64.0,6.0,4000.0,1
Lyf,Lyf Earth 1,24430,5.5,2,5.0,13.0,32.0,3.0,3500.0,1
Micromax,Micromax Canvas Infinity,4989,5.7,1,16.0,13.0,32.0,3.0,2980.0,1
Sony,Sony Xperia X Dual SIM,19990,5.0,1,13.0,23.0,64.0,3.0,2620.0,1
Gionee,Gionee X1,4650,5.0,1,8.0,8.0,16.0,2.0,3000.0,1
Jivi,Jivi Revolution TnT3,5252,4.0,1,2.0,5.0,8.0,1.0,2300.0,1
Huawei,Huawei Mate 20 Pro 128GB,43525,6.39,3,24.0,40.0,128.0,6.0,4200.0,1
Oppo,Oppo Reno,34989,6.4,2,16.0,48.0,128.0,6.0,3765.0,2
Samsung,Samsung Galaxy J5 Prime,14790,5.0,1,5.0,13.0,16.0,2.0,2400.0,1
Homtom,Homtom H1,4090,5.5,2,8.0,13.0,16.0,2.0,3000.0,1
Huawei,Huawei Honor 6X,9999,5.5,2,8.0,12.0,,,3340.0,1
Gionee,Gionee A1 Virat Kohli Signature Edition,18999,5.5,1,16.0,13.0,64.0,4.0,4010.0,1
Xiaomi,Xiaomi Redmi K20,24999,6.39,3,20.0,48.0,128.0,6.0,4000.0,2
Samsung,Samsung Galaxy On6,17600,5.6,1,8.0,13.0,64.0,4.0,3000.0,2
HTC,HTC Desire 825,7990,5.5,1,5.0,13.0,16.0,2.0,2700.0,1
Tecno,Tecno Camon iTwin,8500,6.0,1,13.0,13.0,32.0,3.0,4000.0,1
iQoo,iQoo 3,34990,6.44,4,16.0,48.0,128.0,8.0,4440.0,2
Huawei,Huawei Nexus 6P Special Edition,43999,5.7,1,8.0,12.3,64.0,3.0,3450.0,1
Lyf,Lyf Water 8,5499,5.0,1,5.0,13.0,16.0,3.0,2600.0,1
Huawei,Huawei Y5 2019,8000,5.71,1,5.0,13.0,16.0,2.0,3020.0,1
Tecno,Tecno Camon i Sky,4970,,1,8.0,13.0,16.0,2.0,3050.0,1
Intex,Intex Aqua Lions N1,2800,4.0,1,,2.0,8.0,1.0,1400.0,1
Oppo,Oppo A73,16990,6.0,1,16.0,13.0,32.0,4.0,3200.0,1
Realme,Realme X50 5G,25790,6.67,4,16.0,48.0,128.0,8.0,4200.0,2
Honor,Honor 9X 6GB,16999,6.59,2,16.0,48.0,64.0,6.0,4000.0,1
Karbonn,Karbonn Aura Note 4G,6000,5.5,1,5.0,8.0,16.0,2.0,2800.0,1
Samsung,Samsung Galaxy A10s 3GB,9490,6.2,2,8.0,13.0,32.0,3.0,4000.0,1
Nokia,Nokia 5.3 64GB,15000,6.55,4,8.0,13.0,64.0,6.0,4000.0,2
Realme,Realme C1,8855,6.2,2,5.0,13.0,16.0,2.0,4230.0,1
Nubia,Nubia Z17 Mini,18999,5.2,2,16.0,13.0,64.0,4.0,2950.0,1
Huawei,Huawei P20 Lite 64GB,12990,5.8,2,16.0,16.0,64.0,4.0,3000.0,2
Infinix,Infinix note 4,8999,5.7,1,8.0,13.0,32.0,3.0,4300.0,1
HTC,HTC One M9,23999,5.0,1,4.0,20.0,32.0,3.0,2840.0,1
Huawei,Huawei P40 Lite,32800,6.5,4,16.0,64.0,128.0,6.0,4000.0,1
Moto,Moto E4,8295,5.0,1,5.0,8.0,16.0,2.0,2800.0,1
Oppo,Oppo Reno 4,32000,6.43,3,32.0,48.0,128.0,8.0,4000.0,1
LG,LG W31+,11990,6.52,3,8.0,13.0,128.0,4.0,4000.0,1
Mobiistar,Mobiistar C1 Lite,3800,5.34,1,5.0,5.0,8.0,1.0,2700.0,1
Tenor,Tenor 10.or E,4999,5.5,1,5.0,13.0,16.0,2.0,3930.0,1
InFocus,InFocus M370i 16GB,3999,5.0,1,2.0,8.0,16.0,2.0,2230.0,1
Vivo,Vivo V9 Youth,17799,6.3,2,13.0,16.0,32.0,4.0,3260.0,1
Samsung,Samsung Galaxy A8 Plus 2018,16750,6.0,1,16.0,16.0,64.0,6.0,3500.0,1
Huawei,Huawei Honor 7X 64GB,12450,5.93,2,8.0,16.0,64.0,4.0,3340.0,1
Lenovo,Lenovo Z6 Pro 5G,69000,6.39,4,32.0,48.0,128.0,6.0,4000.0,2
LG,LG W30 PRO,9999,,3,16.0,12.0,64.0,4.0,4000.0,1
Sony,Sony XA1 Ultra 64GB,80903,6.0,1,16.0,23.0,64.0,4.0,2700.0,2
Yu,Yu Yureka 2,6999,5.5,1,8.0,16.0,64.0,4.0,3930.0,1
